PassengerId,Survived,Pclass,Name,Sex,Age,SibSp,Parch,Ticket,Fare,Cabin,Embarked
2,Yes,First Class,"Cumings, Mrs. John Bradley (Florence Briggs Thayer)",female,38,1,0,PC 17599,71.2833,C85,C
3,Yes,Third Class,"Heikkinen, Miss. Laina",female,26,0,0,STON/O2. 3101282,7.925,,S
4,Yes,First Class,"Futrelle, Mrs. Jacques Heath (Lily May Peel)",female,35,1,0,113803,53.1,C123,S
9,Yes,Third Class,"Johnson, Mrs. Oscar W (Elisabeth Vilhelmina Berg)",female,27,0,2,347742,11.1333,,S
10,Yes,Second Class,"Nasser, Mrs. Nicholas (Adele Achem)",female,14,1,0,237736,30.0708,,C
11,Yes,Third Class,"Sandstrom, Miss. Marguerite Rut",female,4,1,1,PP 9549,16.7,G6,S
12,Yes,First Class,"Bonnell, Miss. Elizabeth",female,58,0,0,113783,26.55,C103,S
16,Yes,Second Class,"Hewlett, Mrs. (Mary D Kingcome) ",female,55,0,0,248706,16,,S
18,Yes,Second Class,"Williams, Mr. Charles Eugene",male,,0,0,244373,13,,S
20,Yes,Third Class,"Masselmani, Mrs. Fatima",female,,0,0,2649,7.225,,C
22,Yes,Second Class,"Beesley, Mr. Lawrence",male,34,0,0,248698,13,D56,S
23,Yes,Third Class,"McGowan, Miss. Anna ""Annie""",female,15,0,0,330923,8.0292,,Q
24,Yes,First Class,"Sloper, Mr. William Thompson",male,28,0,0,113788,35.5,A6,S
26,Yes,Third Class,"Asplund, Mrs. Carl Oscar (Selma Augusta Emilia Johansson)",female,38,1,5,347077,31.3875,,S
29,Yes,Third Class,"O'Dwyer, Miss. Ellen ""Nellie""",female,,0,0,330959,7.8792,,Q
32,Yes,First Class,"Spencer, Mrs. William Augustus (Marie Eugenie)",female,,1,0,PC 17569,146.5208,B78,C
33,Yes,Third Class,"Glynn, Miss. Mary Agatha",female,,0,0,335677,7.75,,Q
37,Yes,Third Class,"Mamee, Mr. Hanna",male,,0,0,2677,7.2292,,C
40,Yes,Third Class,"Nicola-Yarred, Miss. Jamila",female,14,1,0,2651,11.2417,,C
44,Yes,Second Class,"Laroche, Miss. Simonne Marie Anne Andree",female,3,1,2,SC/Paris 2123,41.5792,,C
45,Yes,Third Class,"Devaney, Miss. Margaret Delia",female,19,0,0,330958,7.8792,,Q
48,Yes,Third Class,"O'Driscoll, Miss. Bridget",female,,0,0,14311,7.75,,Q
53,Yes,First Class,"Harper, Mrs. Henry Sleeper (Myna Haxtun)",female,49,1,0,PC 17572,76.7292,D33,C
54,Yes,Second Class,"Faunthorpe, Mrs. Lizzie (Elizabeth Anne Wilkinson)",female,29,1,0,2926,26,,S
56,Yes,First Class,"Woolner, Mr. Hugh",male,,0,0,19947,35.5,C52,S
57,Yes,Second Class,"Rugg, Miss. Emily",female,21,0,0,C.A. 31026,10.5,,S
59,Yes,Second Class,"West, Miss. Constance Mirium",female,5,1,2,C.A. 34651,27.75,,S
62,Yes,First Class,"Icard, Miss. Amelie",female,38,0,0,113572,80,B28,
66,Yes,Third Class,"Moubarek, Master. Gerios",male,,1,1,2661,15.2458,,C
67,Yes,Second Class,"Nye, Mrs. (Elizabeth Ramell)",female,29,0,0,C.A. 29395,10.5,F33,S
69,Yes,Third Class,"Andersson, Miss. Erna Alexandra",female,17,4,2,3101281,7.925,,S
75,Yes,Third Class,"Bing, Mr. Lee",male,32,0,0,1601,56.4958,,S
79,Yes,Second Class,"Caldwell, Master. Alden Gates",male,0.83,0,2,248738,29,,S
80,Yes,Third Class,"Dowdell, Miss. Elizabeth",female,30,0,0,364516,12.475,,S
82,Yes,Third Class,"Sheerlinck, Mr. Jan Baptist",male,29,0,0,345779,9.5,,S
83,Yes,Third Class,"McDermott, Miss. Brigdet Delia",female,,0,0,330932,7.7875,,Q
85,Yes,Second Class,"Ilett, Miss. Bertha",female,17,0,0,SO/C 14885,10.5,,S
86,Yes,Third Class,"Backstrom, Mrs. Karl Alfred (Maria Mathilda Gustafsson)",female,33,3,0,3101278,15.85,,S
89,Yes,First Class,"Fortune, Miss. Mabel Helen",female,23,3,2,19950,263,C23 C25 C27,S
98,Yes,First Class,"Greenfield, Mr. William Bertram",male,23,0,1,PC 17759,63.3583,D10 D12,C
99,Yes,Second Class,"Doling, Mrs. John T (Ada Julia Bone)",female,34,0,1,231919,23,,S
107,Yes,Third Class,"Salkjelsvik, Miss. Anna Kristine",female,21,0,0,343120,7.65,,S
108,Yes,Third Class,"Moss, Mr. Albert Johan",male,,0,0,312991,7.775,,S
110,Yes,Third Class,"Moran, Miss. Bertha",female,,1,0,371110,24.15,,Q
124,Yes,Second Class,"Webber, Miss. Susan",female,32.5,0,0,27267,13,E101,S
126,Yes,Third Class,"Nicola-Yarred, Master. Elias",male,12,1,0,2651,11.2417,,C
128,Yes,Third Class,"Madsen, Mr. Fridtjof Arne",male,24,0,0,C 17369,7.1417,,S
129,Yes,Third Class,"Peter, Miss. Anna",female,,1,1,2668,22.3583,F E69,C
134,Yes,Second Class,"Weisz, Mrs. Leopold (Mathilde Francoise Pede)",female,29,1,0,228414,26,,S
137,Yes,First Class,"Newsom, Miss. Helen Monypeny",female,19,0,2,11752,26.2833,D47,S
142,Yes,Third Class,"Nysten, Miss. Anna Sofia",female,22,0,0,347081,7.75,,S
143,Yes,Third Class,"Hakkarainen, Mrs. Pekka Pietari (Elin Matilda Dolck)",female,24,1,0,STON/O2. 3101279,15.85,,S
147,Yes,Third Class,"Andersson, Mr. August Edvard (""Wennerstrom"")",male,27,0,0,350043,7.7958,,S
152,Yes,First Class,"Pears, Mrs. Thomas (Edith Wearne)",female,22,1,0,113776,66.6,C2,S
157,Yes,Third Class,"Gilnagh, Miss. Katherine ""Katie""",female,16,0,0,35851,7.7333,,Q
162,Yes,Second Class,"Watt, Mrs. James (Elizabeth ""Bessie"" Inglis Milne)",female,40,0,0,C.A. 33595,15.75,,S
166,Yes,Third Class,"Goldsmith, Master. Frank John William ""Frankie""",male,9,0,2,363291,20.525,,S
167,Yes,First Class,"Chibnall, Mrs. (Edith Martha Bowerman)",female,,0,1,113505,55,E33,S
173,Yes,Third Class,"Johnson, Miss. Eleanor Ileen",female,1,1,1,347742,11.1333,,S
184,Yes,Second Class,"Becker, Master. Richard F",male,1,2,1,230136,39,F4,S
185,Yes,Third Class,"Kink-Heilmann, Miss. Luise Gretchen",female,4,0,2,315153,22.025,,S
187,Yes,Third Class,"O'Brien, Mrs. Thomas (Johanna ""Hannah"" Godfrey)",female,,1,0,370365,15.5,,Q
188,Yes,First Class,"Romaine, Mr. Charles Hallace (""Mr C Rolmane"")",male,45,0,0,111428,26.55,,S
191,Yes,Second Class,"Pinsky, Mrs. (Rosa)",female,32,0,0,234604,13,,S
193,Yes,Third Class,"Andersen-Jensen, Miss. Carla Christine Nielsine",female,19,1,0,350046,7.8542,,S
194,Yes,Second Class,"Navratil, Master. Michel M",male,3,1,1,230080,26,F2,S
195,Yes,First Class,"Brown, Mrs. James Joseph (Margaret Tobin)",female,44,0,0,PC 17610,27.7208,B4,C
196,Yes,First Class,"Lurette, Miss. Elise",female,58,0,0,PC 17569,146.5208,B80,C
199,Yes,Third Class,"Madigan, Miss. Margaret ""Maggie""",female,,0,0,370370,7.75,,Q
205,Yes,Third Class,"Cohen, Mr. Gurshon ""Gus""",male,18,0,0,A/5 3540,8.05,,S
208,Yes,Third Class,"Albimona, Mr. Nassef Cassem",male,26,0,0,2699,18.7875,,C
209,Yes,Third Class,"Carr, Miss. Helen ""Ellen""",female,16,0,0,367231,7.75,,Q
210,Yes,First Class,"Blank, Mr. Henry",male,40,0,0,112277,31,A31,C
212,Yes,Second Class,"Cameron, Miss. Clear Annie",female,35,0,0,F.C.C. 13528,21,,S
216,Yes,First Class,"Newell, Miss. Madeleine",female,31,1,0,35273,113.275,D36,C
217,Yes,Third Class,"Honkanen, Miss. Eliina",female,27,0,0,STON/O2. 3101283,7.925,,S
219,Yes,First Class,"Bazzani, Miss. Albina",female,32,0,0,11813,76.2917,D15,C
221,Yes,Third Class,"Sunderland, Mr. Victor Francis",male,16,0,0,SOTON/OQ 392089,8.05,,S
225,Yes,First Class,"Hoyt, Mr. Frederick Maxfield",male,38,1,0,19943,90,C93,S
227,Yes,Second Class,"Mellors, Mr. William John",male,19,0,0,SW/PP 751,10.5,,S
231,Yes,First Class,"Harris, Mrs. Henry Birkhardt (Irene Wallach)",female,35,1,0,36973,83.475,C83,S
234,Yes,Third Class,"Asplund, Miss. Lillian Gertrud",female,5,4,2,347077,31.3875,,S
238,Yes,Second Class,"Collyer, Miss. Marjorie ""Lottie""",female,8,0,2,C.A. 31921,26.25,,S
242,Yes,Third Class,"Murphy, Miss. Katherine ""Kate""",female,,1,0,367230,15.5,,Q
248,Yes,Second Class,"Hamalainen, Mrs. William (Anna)",female,24,0,2,250649,14.5,,S
249,Yes,First Class,"Beckwith, Mr. Richard Leonard",male,37,1,1,11751,52.5542,D35,S
256,Yes,Third Class,"Touma, Mrs. Darwis (Hanne Youssef Razi)",female,29,0,2,2650,15.2458,,C
257,Yes,First Class,"Thorne, Mrs. Gertrude Maybelle",female,,0,0,PC 17585,79.2,,C
258,Yes,First Class,"Cherry, Miss. Gladys",female,30,0,0,110152,86.5,B77,S
259,Yes,First Class,"Ward, Miss. Anna",female,35,0,0,PC 17755,512.3292,,C
260,Yes,Second Class,"Parrish, Mrs. (Lutie Davis)",female,50,0,1,230433,26,,S
262,Yes,Third Class,"Asplund, Master. Edvin Rojj Felix",male,3,4,2,347077,31.3875,,S
268,Yes,Third Class,"Persson, Mr. Ernst Ulrik",male,25,1,0,347083,7.775,,S
269,Yes,First Class,"Graham, Mrs. William Thompson (Edith Junkins)",female,58,0,1,PC 17582,153.4625,C125,S
270,Yes,First Class,"Bissette, Miss. Amelia",female,35,0,0,PC 17760,135.6333,C99,S
272,Yes,Third Class,"Tornquist, Mr. William Henry",male,25,0,0,LINE,0,,S
273,Yes,Second Class,"Mellinger, Mrs. (Elizabeth Anne Maidment)",female,41,0,1,250644,19.5,,S
275,Yes,Third Class,"Healy, Miss. Hanora ""Nora""",female,,0,0,370375,7.75,,Q
276,Yes,First Class,"Andrews, Miss. Kornelia Theodosia",female,63,1,0,13502,77.9583,D7,S
280,Yes,Third Class,"Abbott, Mrs. Stanton (Rosa Hunt)",female,35,1,1,C.A. 2673,20.25,,S
284,Yes,Third Class,"Dorking, Mr. Edward Arthur",male,19,0,0,A/5. 10482,8.05,,S
287,Yes,Third Class,"de Mulder, Mr. Theodore",male,30,0,0,345774,9.5,,S
289,Yes,Second Class,"Hosono, Mr. Masabumi",male,42,0,0,237798,13,,S
290,Yes,Third Class,"Connolly, Miss. Kate",female,22,0,0,370373,7.75,,Q
291,Yes,First Class,"Barber, Miss. Ellen ""Nellie""",female,26,0,0,19877,78.85,,S
292,Yes,First Class,"Bishop, Mrs. Dickinson H (Helen Walton)",female,19,1,0,11967,91.0792,B49,C
299,Yes,First Class,"Saalfeld, Mr. Adolphe",male,,0,0,19988,30.5,C106,S
300,Yes,First Class,"Baxter, Mrs. James (Helene DeLaudeniere Chaput)",female,50,0,1,PC 17558,247.5208,B58 B60,C
301,Yes,Third Class,"Kelly, Miss. Anna Katherine ""Annie Kate""",female,,0,0,9234,7.75,,Q
302,Yes,Third Class,"McCoy, Mr. Bernard",male,,2,0,367226,23.25,,Q
304,Yes,Second Class,"Keane, Miss. Nora A",female,,0,0,226593,12.35,E101,Q
306,Yes,First Class,"Allison, Master. Hudson Trevor",male,0.92,1,2,113781,151.55,C22 C26,S
307,Yes,First Class,"Fleming, Miss. Margaret",female,,0,0,17421,110.8833,,C
308,Yes,First Class,"Penasco y Castellana, Mrs. Victor de Satode (Maria Josefa Perez de Soto y Vallejo)",female,17,1,0,PC 17758,108.9,C65,C
310,Yes,First Class,"Francatelli, Miss. Laura Mabel",female,30,0,0,PC 17485,56.9292,E36,C
311,Yes,First Class,"Hays, Miss. Margaret Bechstein",female,24,0,0,11767,83.1583,C54,C
312,Yes,First Class,"Ryerson, Miss. Emily Borie",female,18,2,2,PC 17608,262.375,B57 B59 B63 B66,C
316,Yes,Third Class,"Nilsson, Miss. Helmina Josefina",female,26,0,0,347470,7.8542,,S
317,Yes,Second Class,"Kantor, Mrs. Sinai (Miriam Sternin)",female,24,1,0,244367,26,,S
319,Yes,First Class,"Wick, Miss. Mary Natalie",female,31,0,2,36928,164.8667,C7,S
320,Yes,First Class,"Spedden, Mrs. Frederic Oakley (Margaretta Corning Stone)",female,40,1,1,16966,134.5,E34,C
323,Yes,Second Class,"Slayter, Miss. Hilda Mary",female,30,0,0,234818,12.35,,Q
324,Yes,Second Class,"Caldwell, Mrs. Albert Francis (Sylvia Mae Harbaugh)",female,22,1,1,248738,29,,S
326,Yes,First Class,"Young, Miss. Marie Grice",female,36,0,0,PC 17760,135.6333,C32,C
328,Yes,Second Class,"Ball, Mrs. (Ada E Hall)",female,36,0,0,28551,13,D,S
329,Yes,Third Class,"Goldsmith, Mrs. Frank John (Emily Alice Brown)",female,31,1,1,363291,20.525,,S
330,Yes,First Class,"Hippach, Miss. Jean Gertrude",female,16,0,1,111361,57.9792,B18,C
331,Yes,Third Class,"McCoy, Miss. Agnes",female,,2,0,367226,23.25,,Q
335,Yes,First Class,"Frauenthal, Mrs. Henry William (Clara Heinsheimer)",female,,1,0,PC 17611,133.65,,S
338,Yes,First Class,"Burns, Miss. Elizabeth Margaret",female,41,0,0,16966,134.5,E40,C
339,Yes,Third Class,"Dahl, Mr. Karl Edwart",male,45,0,0,7598,8.05,,S
341,Yes,Second Class,"Navratil, Master. Edmond Roger",male,2,1,1,230080,26,F2,S
342,Yes,First Class,"Fortune, Miss. Alice Elizabeth",female,24,3,2,19950,263,C23 C25 C27,S
346,Yes,Second Class,"Brown, Miss. Amelia ""Mildred""",female,24,0,0,248733,13,F33,S
347,Yes,Second Class,"Smith, Miss. Marion Elsie",female,40,0,0,31418,13,,S
348,Yes,Third Class,"Davison, Mrs. Thomas Henry (Mary E Finck)",female,,1,0,386525,16.1,,S
349,Yes,Third Class,"Coutts, Master. William Loch ""William""",male,3,1,1,C.A. 37671,15.9,,S
357,Yes,First Class,"Bowerman, Miss. Elsie Edith",female,22,0,1,113505,55,E33,S
359,Yes,Third Class,"McGovern, Miss. Mary",female,,0,0,330931,7.8792,,Q
360,Yes,Third Class,"Mockler, Miss. Helen Mary ""Ellie""",female,,0,0,330980,7.8792,,Q
367,Yes,First Class,"Warren, Mrs. Frank Manley (Anna Sophia Atkinson)",female,60,1,0,110813,75.25,D37,C
368,Yes,Third Class,"Moussa, Mrs. (Mantoura Boulos)",female,,0,0,2626,7.2292,,C
369,Yes,Third Class,"Jermyn, Miss. Annie",female,,0,0,14313,7.75,,Q
370,Yes,First Class,"Aubart, Mme. Leontine Pauline",female,24,0,0,PC 17477,69.3,B35,C
371,Yes,First Class,"Harder, Mr. George Achilles",male,25,1,0,11765,55.4417,E50,C
376,Yes,First Class,"Meyer, Mrs. Edgar Joseph (Leila Saks)",female,,1,0,PC 17604,82.1708,,C
377,Yes,Third Class,"Landergren, Miss. Aurora Adelia",female,22,0,0,C 7077,7.25,,S
381,Yes,First Class,"Bidois, Miss. Rosalie",female,42,0,0,PC 17757,227.525,,C
382,Yes,Third Class,"Nakid, Miss. Maria (""Mary"")",female,1,0,2,2653,15.7417,,C
384,Yes,First Class,"Holverson, Mrs. Alexander Oskar (Mary Aline Towner)",female,35,1,0,113789,52,,S
388,Yes,Second Class,"Buss, Miss. Kate",female,36,0,0,27849,13,,S
390,Yes,Second Class,"Lehmann, Miss. Bertha",female,17,0,0,SC 1748,12,,C
391,Yes,First Class,"Carter, Mr. William Ernest",male,36,1,2,113760,120,B96 B98,S
392,Yes,Third Class,"Jansson, Mr. Carl Olof",male,21,0,0,350034,7.7958,,S
394,Yes,First Class,"Newell, Miss. Marjorie",female,23,1,0,35273,113.275,D36,C
395,Yes,Third Class,"Sandstrom, Mrs. Hjalmar (Agnes Charlotta Bengtsson)",female,24,0,2,PP 9549,16.7,G6,S
400,Yes,Second Class,"Trout, Mrs. William H (Jessie L)",female,28,0,0,240929,12.65,,S
401,Yes,Third Class,"Niskanen, Mr. Juha",male,39,0,0,STON/O 2. 3101289,7.925,,S
408,Yes,Second Class,"Richards, Master. William Rowe",male,3,1,1,29106,18.75,,S
413,Yes,First Class,"Minahan, Miss. Daisy E",female,33,1,0,19928,90,C78,Q
415,Yes,Third Class,"Sundman, Mr. Johan Julian",male,44,0,0,STON/O 2. 3101269,7.925,,S
417,Yes,Second Class,"Drew, Mrs. James Vivian (Lulu Thorne Christian)",female,34,1,1,28220,32.5,,S
418,Yes,Second Class,"Silven, Miss. Lyyli Karoliina",female,18,0,2,250652,13,,S
427,Yes,Second Class,"Clarke, Mrs. Charles V (Ada Maria Winfield)",female,28,1,0,2003,26,,S
428,Yes,Second Class,"Phillips, Miss. Kate Florence (""Mrs Kate Louise Phillips Marshall"")",female,19,0,0,250655,26,,S
430,Yes,Third Class,"Pickard, Mr. Berk (Berk Trembisky)",male,32,0,0,SOTON/O.Q. 392078,8.05,E10,S
431,Yes,First Class,"Bjornstrom-Steffansson, Mr. Mauritz Hakan",male,28,0,0,110564,26.55,C52,S
432,Yes,Third Class,"Thorneycroft, Mrs. Percival (Florence Kate White)",female,,1,0,376564,16.1,,S
433,Yes,Second Class,"Louch, Mrs. Charles Alexander (Alice Adelaide Slow)",female,42,1,0,SC/AH 3085,26,,S
436,Yes,First Class,"Carter, Miss. Lucile Polk",female,14,1,2,113760,120,B96 B98,S
438,Yes,Second Class,"Richards, Mrs. Sidney (Emily Hocking)",female,24,2,3,29106,18.75,,S
441,Yes,Second Class,"Hart, Mrs. Benjamin (Esther Ada Bloomfield)",female,45,1,1,F.C.C. 13529,26.25,,S
444,Yes,Second Class,"Reynaldo, Ms. Encarnacion",female,28,0,0,230434,13,,S
445,Yes,Third Class,"Johannesen-Bratthammer, Mr. Bernt",male,,0,0,65306,8.1125,,S
446,Yes,First Class,"Dodge, Master. Washington",male,4,0,2,33638,81.8583,A34,S
447,Yes,Second Class,"Mellinger, Miss. Madeleine Violet",female,13,0,1,250644,19.5,,S
448,Yes,First Class,"Seward, Mr. Frederic Kimber",male,34,0,0,113794,26.55,,S
449,Yes,Third Class,"Baclini, Miss. Marie Catherine",female,5,2,1,2666,19.2583,,C
450,Yes,First Class,"Peuchen, Major. Arthur Godfrey",male,52,0,0,113786,30.5,C104,S
454,Yes,First Class,"Goldenberg, Mr. Samuel L",male,49,1,0,17453,89.1042,C92,C
456,Yes,Third Class,"Jalsevac, Mr. Ivan",male,29,0,0,349240,7.8958,,C
458,Yes,First Class,"Kenyon, Mrs. Frederick R (Marion)",female,,1,0,17464,51.8625,D21,S
459,Yes,Second Class,"Toomey, Miss. Ellen",female,50,0,0,F.C.C. 13531,10.5,,S
461,Yes,First Class,"Anderson, Mr. Harry",male,48,0,0,19952,26.55,E12,S
470,Yes,Third Class,"Baclini, Miss. Helene Barbara",female,0.75,2,1,2666,19.2583,,C
473,Yes,Second Class,"West, Mrs. Edwy Arthur (Ada Mary Worth)",female,33,1,2,C.A. 34651,27.75,,S
474,Yes,Second Class,"Jerwan, Mrs. Amin S (Marie Marthe Thuillard)",female,23,0,0,SC/AH Basle 541,13.7917,D,C
480,Yes,Third Class,"Hirvonen, Miss. Hildur E",female,2,0,1,3101298,12.2875,,S
484,Yes,Third Class,"Turkula, Mrs. (Hedwig)",female,63,0,0,4134,9.5875,,S
485,Yes,First Class,"Bishop, Mr. Dickinson H",male,25,1,0,11967,91.0792,B49,C
487,Yes,First Class,"Hoyt, Mrs. Frederick Maxfield (Jane Anne Forby)",female,35,1,0,19943,90,C93,S
490,Yes,Third Class,"Coutts, Master. Eden Leslie ""Neville""",male,9,1,1,C.A. 37671,15.9,,S
497,Yes,First Class,"Eustis, Miss. Elizabeth Mussey",female,54,1,0,36947,78.2667,D20,C
505,Yes,First Class,"Maioni, Miss. Roberta",female,16,0,0,110152,86.5,B79,S
507,Yes,Second Class,"Quick, Mrs. Frederick Charles (Jane Richards)",female,33,0,2,26360,26,,S
508,Yes,First Class,"Bradley, Mr. George (""George Arthur Brayton"")",male,,0,0,111427,26.55,,S
510,Yes,Third Class,"Lang, Mr. Fang",male,26,0,0,1601,56.4958,,S
511,Yes,Third Class,"Daly, Mr. Eugene Patrick",male,29,0,0,382651,7.75,,Q
513,Yes,First Class,"McGough, Mr. James Robert",male,36,0,0,PC 17473,26.2875,E25,S
514,Yes,First Class,"Rothschild, Mrs. Martin (Elizabeth L. Barrett)",female,54,1,0,PC 17603,59.4,,C
517,Yes,Second Class,"Lemore, Mrs. (Amelia Milley)",female,34,0,0,C.A. 34260,10.5,F33,S
519,Yes,Second Class,"Angle, Mrs. William A (Florence ""Mary"" Agnes Hughes)",female,36,1,0,226875,26,,S
521,Yes,First Class,"Perreault, Miss. Anne",female,30,0,0,12749,93.5,B73,S
524,Yes,First Class,"Hippach, Mrs. Louis Albert (Ida Sophia Fischer)",female,44,0,1,111361,57.9792,B18,C
527,Yes,Second Class,"Ridsdale, Miss. Lucy",female,50,0,0,W./C. 14258,10.5,,S
531,Yes,Second Class,"Quick, Miss. Phyllis May",female,2,1,1,26360,26,,S
534,Yes,Third Class,"Peter, Mrs. Catherine (Catherine Rizk)",female,,0,2,2668,22.3583,,C
536,Yes,Second Class,"Hart, Miss. Eva Miriam",female,7,0,2,F.C.C. 13529,26.25,,S
538,Yes,First Class,"LeRoy, Miss. Bertha",female,30,0,0,PC 17761,106.425,,C
540,Yes,First Class,"Frolicher, Miss. Hedwig Margaritha",female,22,0,2,13568,49.5,B39,C
541,Yes,First Class,"Crosby, Miss. Harriet R",female,36,0,2,WE/P 5735,71,B22,S
544,Yes,Second Class,"Beane, Mr. Edward",male,32,1,0,2908,26,,S
547,Yes,Second Class,"Beane, Mrs. Edward (Ethel Clarke)",female,19,1,0,2908,26,,S
548,Yes,Second Class,"Padro y Manent, Mr. Julian",male,,0,0,SC/PARIS 2146,13.8625,,C
550,Yes,Second Class,"Davies, Master. John Morgan Jr",male,8,1,1,C.A. 33112,36.75,,S
551,Yes,First Class,"Thayer, Mr. John Borland Jr",male,17,0,2,17421,110.8833,C70,C
554,Yes,Third Class,"Leeni, Mr. Fahim (""Philip Zenni"")",male,22,0,0,2620,7.225,,C
555,Yes,Third Class,"Ohman, Miss. Velin",female,22,0,0,347085,7.775,,S
557,Yes,First Class,"Duff Gordon, Lady. (Lucille Christiana Sutherland) (""Mrs Morgan"")",female,48,1,0,11755,39.6,A16,C
559,Yes,First Class,"Taussig, Mrs. Emil (Tillie Mandelbaum)",female,39,1,1,110413,79.65,E67,S
560,Yes,Third Class,"de Messemaeker, Mrs. Guillaume Joseph (Emma)",female,36,1,0,345572,17.4,,S
570,Yes,Third Class,"Jonsson, Mr. Carl",male,32,0,0,350417,7.8542,,S
571,Yes,Second Class,"Harris, Mr. George",male,62,0,0,S.W./PP 752,10.5,,S
572,Yes,First Class,"Appleton, Mrs. Edward Dale (Charlotte Lamson)",female,53,2,0,11769,51.4792,C101,S
573,Yes,First Class,"Flynn, Mr. John Irwin (""Irving"")",male,36,0,0,PC 17474,26.3875,E25,S
574,Yes,Third Class,"Kelly, Miss. Mary",female,,0,0,14312,7.75,,Q
577,Yes,Second Class,"Garside, Miss. Ethel",female,34,0,0,243880,13,,S
578,Yes,First Class,"Silvey, Mrs. William Baird (Alice Munger)",female,39,1,0,13507,55.9,E44,S
580,Yes,Third Class,"Jussila, Mr. Eiriik",male,32,0,0,STON/O 2. 3101286,7.925,,S
581,Yes,Second Class,"Christy, Miss. Julie Rachel",female,25,1,1,237789,30,,S
582,Yes,First Class,"Thayer, Mrs. John Borland (Marian Longstreth Morris)",female,39,1,1,17421,110.8833,C68,C
586,Yes,First Class,"Taussig, Miss. Ruth",female,18,0,2,110413,79.65,E68,S
588,Yes,First Class,"Frolicher-Stehli, Mr. Maxmillian",male,60,1,1,13567,79.2,B41,C
592,Yes,First Class,"Stephenson, Mrs. Walter Bertram (Martha Eustis)",female,52,1,0,36947,78.2667,D20,C
597,Yes,Second Class,"Leitch, Miss. Jessie Wills",female,,0,0,248727,33,,S
600,Yes,First Class,"Duff Gordon, Sir. Cosmo Edmund (""Mr Morgan"")",male,49,1,0,PC 17485,56.9292,A20,C
601,Yes,Second Class,"Jacobsohn, Mrs. Sidney Samuel (Amy Frances Christy)",female,24,2,1,243847,27,,S
605,Yes,First Class,"Homer, Mr. Harry (""Mr E Haven"")",male,35,0,0,111426,26.55,,C
608,Yes,First Class,"Daniel, Mr. Robert Williams",male,27,0,0,113804,30.5,,S
609,Yes,Second Class,"Laroche, Mrs. Joseph (Juliette Marie Louise Lafargue)",female,22,1,2,SC/Paris 2123,41.5792,,C
610,Yes,First Class,"Shutes, Miss. Elizabeth W",female,40,0,0,PC 17582,153.4625,C125,S
613,Yes,Third Class,"Murphy, Miss. Margaret Jane",female,,1,0,367230,15.5,,Q
616,Yes,Second Class,"Herman, Miss. Alice",female,24,1,2,220845,65,,S
619,Yes,Second Class,"Becker, Miss. Marion Louise",female,4,2,1,230136,39,F4,S
622,Yes,First Class,"Kimball, Mr. Edwin Nelson Jr",male,42,1,0,11753,52.5542,D19,S
623,Yes,Third Class,"Nakid, Mr. Sahid",male,20,1,1,2653,15.7417,,C
628,Yes,First Class,"Longley, Miss. Gretchen Fiske",female,21,0,0,13502,77.9583,D9,S
631,Yes,First Class,"Barkworth, Mr. Algernon Henry Wilson",male,80,0,0,27042,30,A23,S
633,Yes,First Class,"Stahelin-Maeglin, Dr. Max",male,32,0,0,13214,30.5,B50,C
636,Yes,Second Class,"Davis, Miss. Mary",female,28,0,0,237668,13,,S
642,Yes,First Class,"Sagesser, Mlle. Emma",female,24,0,0,PC 17477,69.3,B35,C
644,Yes,Third Class,"Foo, Mr. Choong",male,,0,0,1601,56.4958,,S
645,Yes,Third Class,"Baclini, Miss. Eugenie",female,0.75,2,1,2666,19.2583,,C
646,Yes,First Class,"Harper, Mr. Henry Sleeper",male,48,1,0,PC 17572,76.7292,D33,C
648,Yes,First Class,"Simonius-Blumer, Col. Oberst Alfons",male,56,0,0,13213,35.5,A26,C
650,Yes,Third Class,"Stanley, Miss. Amy Zillah Elsie",female,23,0,0,CA. 2314,7.55,,S
652,Yes,Second Class,"Doling, Miss. Elsie",female,18,0,1,231919,23,,S
654,Yes,Third Class,"O'Leary, Miss. Hanora ""Norah""",female,,0,0,330919,7.8292,,Q
661,Yes,First Class,"Frauenthal, Dr. Henry William",male,50,2,0,PC 17611,133.65,,S
665,Yes,Third Class,"Lindqvist, Mr. Eino William",male,20,1,0,STON/O 2. 3101285,7.925,,S
670,Yes,First Class,"Taylor, Mrs. Elmer Zebley (Juliet Cummins Wright)",female,,1,0,19996,52,C126,S
671,Yes,Second Class,"Brown, Mrs. Thomas William Solomon (Elizabeth Catherine Ford)",female,40,1,1,29750,39,,S
674,Yes,Second Class,"Wilhelms, Mr. Charles",male,31,0,0,244270,13,,S
678,Yes,Third Class,"Turja, Miss. Anna Sofia",female,18,0,0,4138,9.8417,,S
680,Yes,First Class,"Cardeza, Mr. Thomas Drake Martinez",male,36,0,1,PC 17755,512.3292,B51 B53 B55,C
682,Yes,First Class,"Hassab, Mr. Hammad",male,27,0,0,PC 17572,76.7292,D49,C
690,Yes,First Class,"Madill, Miss. Georgette Alexandra",female,15,0,1,24160,211.3375,B5,S
691,Yes,First Class,"Dick, Mr. Albert Adrian",male,31,1,0,17474,57,B20,S
692,Yes,Third Class,"Karun, Miss. Manca",female,4,0,1,349256,13.4167,,C
693,Yes,Third Class,"Lam, Mr. Ali",male,,0,0,1601,56.4958,,S
698,Yes,Third Class,"Mullens, Miss. Katherine ""Katie""",female,,0,0,35852,7.7333,,Q
701,Yes,First Class,"Astor, Mrs. John Jacob (Madeleine Talmadge Force)",female,18,1,0,PC 17757,227.525,C62 C64,C
702,Yes,First Class,"Silverthorne, Mr. Spencer Victor",male,35,0,0,PC 17475,26.2875,E24,S
707,Yes,Second Class,"Kelly, Mrs. Florence ""Fannie""",female,45,0,0,223596,13.5,,S
708,Yes,First Class,"Calderhead, Mr. Edward Pennington",male,42,0,0,PC 17476,26.2875,E24,S
709,Yes,First Class,"Cleaver, Miss. Alice",female,22,0,0,113781,151.55,,S
710,Yes,Third Class,"Moubarek, Master. Halim Gonios (""William George"")",male,,1,1,2661,15.2458,,C
711,Yes,First Class,"Mayne, Mlle. Berthe Antonine (""Mrs de Villiers"")",female,24,0,0,PC 17482,49.5042,C90,C
713,Yes,First Class,"Taylor, Mr. Elmer Zebley",male,48,1,0,19996,52,C126,S
717,Yes,First Class,"Endres, Miss. Caroline Louise",female,38,0,0,PC 17757,227.525,C45,C
718,Yes,Second Class,"Troutt, Miss. Edwina Celia ""Winnie""",female,27,0,0,34218,10.5,E101,S
721,Yes,Second Class,"Harper, Miss. Annie Jessie ""Nina""",female,6,0,1,248727,33,,S
725,Yes,First Class,"Chambers, Mr. Norman Campbell",male,27,1,0,113806,53.1,E8,S
727,Yes,Second Class,"Renouf, Mrs. Peter Henry (Lillian Jefferys)",female,30,3,0,31027,21,,S
728,Yes,Third Class,"Mannion, Miss. Margareth",female,,0,0,36866,7.7375,,Q
731,Yes,First Class,"Allen, Miss. Elisabeth Walton",female,29,0,0,24160,211.3375,B5,S
738,Yes,First Class,"Lesurer, Mr. Gustave J",male,35,0,0,PC 17755,512.3292,B101,C
741,Yes,First Class,"Hawksford, Mr. Walter James",male,,0,0,16988,30,D45,S
743,Yes,First Class,"Ryerson, Miss. Susan Parker ""Suzette""",female,21,2,2,PC 17608,262.375,B57 B59 B63 B66,C
745,Yes,Third Class,"Stranden, Mr. Juho",male,31,0,0,STON/O 2. 3101288,7.925,,S
748,Yes,Second Class,"Sinkkonen, Miss. Anna",female,30,0,0,250648,13,,S
751,Yes,Second Class,"Wells, Miss. Joan",female,4,1,1,29103,23,,S
752,Yes,Third Class,"Moor, Master. Meier",male,6,0,1,392096,12.475,E121,S
755,Yes,Second Class,"Herman, Mrs. Samuel (Jane Laver)",female,48,1,2,220845,65,,S
756,Yes,Second Class,"Hamalainen, Master. Viljo",male,0.67,1,1,250649,14.5,,S
760,Yes,First Class,"Rothes, the Countess. of (Lucy Noel Martha Dyer-Edwards)",female,33,0,0,110152,86.5,B77,S
763,Yes,Third Class,"Barah, Mr. Hanna Assi",male,20,0,0,2663,7.2292,,C
764,Yes,First Class,"Carter, Mrs. William Ernest (Lucile Polk)",female,36,1,2,113760,120,B96 B98,S
766,Yes,First Class,"Hogeboom, Mrs. John C (Anna Andrews)",female,51,1,0,13502,77.9583,D11,S
775,Yes,Second Class,"Hocking, Mrs. Elizabeth (Eliza Needs)",female,54,1,3,29105,23,,S
778,Yes,Third Class,"Emanuel, Miss. Virginia Ethel",female,5,0,0,364516,12.475,,S
780,Yes,First Class,"Robert, Mrs. Edward Scott (Elisabeth Walton McMillan)",female,43,0,1,24160,211.3375,B3,S
781,Yes,Third Class,"Ayoub, Miss. Banoura",female,13,0,0,2687,7.2292,,C
782,Yes,First Class,"Dick, Mrs. Albert Adrian (Vera Gillespie)",female,17,1,0,17474,57,B20,S
787,Yes,Third Class,"Sjoblom, Miss. Anna Sofia",female,18,0,0,3101265,7.4958,,S
789,Yes,Third Class,"Dean, Master. Bertram Vere",male,1,1,2,C.A. 2315,20.575,,S
797,Yes,First Class,"Leader, Dr. Alice (Farnham)",female,49,0,0,17465,25.9292,D17,S
798,Yes,Third Class,"Osman, Mrs. Mara",female,31,0,0,349244,8.6833,,S
802,Yes,Second Class,"Collyer, Mrs. Harvey (Charlotte Annie Tate)",female,31,1,1,C.A. 31921,26.25,,S
803,Yes,First Class,"Carter, Master. William Thornton II",male,11,1,2,113760,120,B96 B98,S
804,Yes,Third Class,"Thomas, Master. Assad Alexander",male,0.42,0,1,2625,8.5167,,C
805,Yes,Third Class,"Hedman, Mr. Oskar Arvid",male,27,0,0,347089,6.975,,S
810,Yes,First Class,"Chambers, Mrs. Norman Campbell (Bertha Griggs)",female,33,1,0,113806,53.1,E8,S
821,Yes,First Class,"Hays, Mrs. Charles Melville (Clara Jennings Gregg)",female,52,1,1,12749,93.5,B69,S
822,Yes,Third Class,"Lulic, Mr. Nikola",male,27,0,0,315098,8.6625,,S
824,Yes,Third Class,"Moor, Mrs. (Beila)",female,27,0,1,392096,12.475,E121,S
828,Yes,Second Class,"Mallet, Master. Andre",male,1,0,2,S.C./PARIS 2079,37.0042,,C
829,Yes,Third Class,"McCormack, Mr. Thomas Joseph",male,,0,0,367228,7.75,,Q
830,Yes,First Class,"Stone, Mrs. George Nelson (Martha Evelyn)",female,62,0,0,113572,80,B28,
831,Yes,Third Class,"Yasbeck, Mrs. Antoni (Selini Alexander)",female,15,1,0,2659,14.4542,,C
832,Yes,Second Class,"Richards, Master. George Sibley",male,0.83,1,1,29106,18.75,,S
836,Yes,First Class,"Compton, Miss. Sara Rebecca",female,39,1,1,PC 17756,83.1583,E49,C
839,Yes,Third Class,"Chip, Mr. Chang",male,32,0,0,1601,56.4958,,S
840,Yes,First Class,"Marechal, Mr. Pierre",male,,0,0,11774,29.7,C47,C
843,Yes,First Class,"Serepeca, Miss. Augusta",female,30,0,0,113798,31,,C
850,Yes,First Class,"Goldenberg, Mrs. Samuel L (Edwiga Grabowska)",female,,1,0,17453,89.1042,C92,C
854,Yes,First Class,"Lines, Miss. Mary Conover",female,16,0,1,PC 17592,39.4,D28,S
856,Yes,Third Class,"Aks, Mrs. Sam (Leah Rosen)",female,18,0,1,392091,9.35,,S
857,Yes,First Class,"Wick, Mrs. George Dennick (Mary Hitchcock)",female,45,1,1,36928,164.8667,,S
858,Yes,First Class,"Daly, Mr. Peter Denis ",male,51,0,0,113055,26.55,E17,S
859,Yes,Third Class,"Baclini, Mrs. Solomon (Latifa Qurban)",female,24,0,3,2666,19.2583,,C
863,Yes,First Class,"Swift, Mrs. Frederick Joel (Margaret Welles Barron)",female,48,0,0,17466,25.9292,D17,S
866,Yes,Second Class,"Bystrom, Mrs. (Karolina)",female,42,0,0,236852,13,,S
867,Yes,Second Class,"Duran y More, Miss. Asuncion",female,27,1,0,SC/PARIS 2149,13.8583,,C
870,Yes,Third Class,"Johnson, Master. Harold Theodor",male,4,1,1,347742,11.1333,,S
872,Yes,First Class,"Beckwith, Mrs. Richard Leonard (Sallie Monypeny)",female,47,1,1,11751,52.5542,D35,S
875,Yes,Second Class,"Abelson, Mrs. Samuel (Hannah Wizosky)",female,28,1,0,P/PP 3381,24,,C
876,Yes,Third Class,"Najib, Miss. Adele Kiamie ""Jane""",female,15,0,0,2667,7.225,,C
880,Yes,First Class,"Potter, Mrs. Thomas Jr (Lily Alexenia Wilson)",female,56,0,1,11767,83.1583,C50,C
881,Yes,Second Class,"Shelley, Mrs. William (Imanita Parrish Hall)",female,25,0,1,230433,26,,S
888,Yes,First Class,"Graham, Miss. Margaret Edith",female,19,0,0,112053,30,B42,S
890,Yes,First Class,"Behr, Mr. Karl Howell",male,26,0,0,111369,30,C148,C
1,No,Third Class,"Braund, Mr. Owen Harris",male,22,1,0,A/5 21171,7.25,,S
5,No,Third Class,"Allen, Mr. William Henry",male,35,0,0,373450,8.05,,S
6,No,Third Class,"Moran, Mr. James",male,,0,0,330877,8.4583,,Q
7,No,First Class,"McCarthy, Mr. Timothy J",male,54,0,0,17463,51.8625,E46,S
8,No,Third Class,"Palsson, Master. Gosta Leonard",male,2,3,1,349909,21.075,,S
13,No,Third Class,"Saundercock, Mr. William Henry",male,20,0,0,A/5. 2151,8.05,,S
14,No,Third Class,"Andersson, Mr. Anders Johan",male,39,1,5,347082,31.275,,S
15,No,Third Class,"Vestrom, Miss. Hulda Amanda Adolfina",female,14,0,0,350406,7.8542,,S
17,No,Third Class,"Rice, Master. Eugene",male,2,4,1,382652,29.125,,Q
19,No,Third Class,"Vander Planke, Mrs. Julius (Emelia Maria Vandemoortele)",female,31,1,0,345763,18,,S
21,No,Second Class,"Fynney, Mr. Joseph J",male,35,0,0,239865,26,,S
25,No,Third Class,"Palsson, Miss. Torborg Danira",female,8,3,1,349909,21.075,,S
27,No,Third Class,"Emir, Mr. Farred Chehab",male,,0,0,2631,7.225,,C
28,No,First Class,"Fortune, Mr. Charles Alexander",male,19,3,2,19950,263,C23 C25 C27,S
30,No,Third Class,"Todoroff, Mr. Lalio",male,,0,0,349216,7.8958,,S
31,No,First Class,"Uruchurtu, Don. Manuel E",male,40,0,0,PC 17601,27.7208,,C
34,No,Second Class,"Wheadon, Mr. Edward H",male,66,0,0,C.A. 24579,10.5,,S
35,No,First Class,"Meyer, Mr. Edgar Joseph",male,28,1,0,PC 17604,82.1708,,C
36,No,First Class,"Holverson, Mr. Alexander Oskar",male,42,1,0,113789,52,,S
38,No,Third Class,"Cann, Mr. Ernest Charles",male,21,0,0,A./5. 2152,8.05,,S
39,No,Third Class,"Vander Planke, Miss. Augusta Maria",female,18,2,0,345764,18,,S
41,No,Third Class,"Ahlin, Mrs. Johan (Johanna Persdotter Larsson)",female,40,1,0,7546,9.475,,S
42,No,Second Class,"Turpin, Mrs. William John Robert (Dorothy Ann Wonnacott)",female,27,1,0,11668,21,,S
43,No,Third Class,"Kraeff, Mr. Theodor",male,,0,0,349253,7.8958,,C
46,No,Third Class,"Rogers, Mr. William John",male,,0,0,S.C./A.4. 23567,8.05,,S
47,No,Third Class,"Lennon, Mr. Denis",male,,1,0,370371,15.5,,Q
49,No,Third Class,"Samaan, Mr. Youssef",male,,2,0,2662,21.6792,,C
50,No,Third Class,"Arnold-Franchi, Mrs. Josef (Josefine Franchi)",female,18,1,0,349237,17.8,,S
51,No,Third Class,"Panula, Master. Juha Niilo",male,7,4,1,3101295,39.6875,,S
52,No,Third Class,"Nosworthy, Mr. Richard Cater",male,21,0,0,A/4. 39886,7.8,,S
55,No,First Class,"Ostby, Mr. Engelhart Cornelius",male,65,0,1,113509,61.9792,B30,C
58,No,Third Class,"Novel, Mr. Mansouer",male,28.5,0,0,2697,7.2292,,C
60,No,Third Class,"Goodwin, Master. William Frederick",male,11,5,2,CA 2144,46.9,,S
61,No,Third Class,"Sirayanian, Mr. Orsen",male,22,0,0,2669,7.2292,,C
63,No,First Class,"Harris, Mr. Henry Birkhardt",male,45,1,0,36973,83.475,C83,S
64,No,Third Class,"Skoog, Master. Harald",male,4,3,2,347088,27.9,,S
65,No,First Class,"Stewart, Mr. Albert A",male,,0,0,PC 17605,27.7208,,C
68,No,Third Class,"Crease, Mr. Ernest James",male,19,0,0,S.P. 3464,8.1583,,S
70,No,Third Class,"Kink, Mr. Vincenz",male,26,2,0,315151,8.6625,,S
71,No,Second Class,"Jenkin, Mr. Stephen Curnow",male,32,0,0,C.A. 33111,10.5,,S
72,No,Third Class,"Goodwin, Miss. Lillian Amy",female,16,5,2,CA 2144,46.9,,S
73,No,Second Class,"Hood, Mr. Ambrose Jr",male,21,0,0,S.O.C. 14879,73.5,,S
74,No,Third Class,"Chronopoulos, Mr. Apostolos",male,26,1,0,2680,14.4542,,C
76,No,Third Class,"Moen, Mr. Sigurd Hansen",male,25,0,0,348123,7.65,F G73,S
77,No,Third Class,"Staneff, Mr. Ivan",male,,0,0,349208,7.8958,,S
78,No,Third Class,"Moutal, Mr. Rahamin Haim",male,,0,0,374746,8.05,,S
81,No,Third Class,"Waelens, Mr. Achille",male,22,0,0,345767,9,,S
84,No,First Class,"Carrau, Mr. Francisco M",male,28,0,0,113059,47.1,,S
87,No,Third Class,"Ford, Mr. William Neal",male,16,1,3,W./C. 6608,34.375,,S
88,No,Third Class,"Slocovski, Mr. Selman Francis",male,,0,0,SOTON/OQ 392086,8.05,,S
90,No,Third Class,"Celotti, Mr. Francesco",male,24,0,0,343275,8.05,,S
91,No,Third Class,"Christmann, Mr. Emil",male,29,0,0,343276,8.05,,S
92,No,Third Class,"Andreasson, Mr. Paul Edvin",male,20,0,0,347466,7.8542,,S
93,No,First Class,"Chaffee, Mr. Herbert Fuller",male,46,1,0,W.E.P. 5734,61.175,E31,S
94,No,Third Class,"Dean, Mr. Bertram Frank",male,26,1,2,C.A. 2315,20.575,,S
95,No,Third Class,"Coxon, Mr. Daniel",male,59,0,0,364500,7.25,,S
96,No,Third Class,"Shorney, Mr. Charles Joseph",male,,0,0,374910,8.05,,S
97,No,First Class,"Goldschmidt, Mr. George B",male,71,0,0,PC 17754,34.6542,A5,C
100,No,Second Class,"Kantor, Mr. Sinai",male,34,1,0,244367,26,,S
101,No,Third Class,"Petranec, Miss. Matilda",female,28,0,0,349245,7.8958,,S
102,No,Third Class,"Petroff, Mr. Pastcho (""Pentcho"")",male,,0,0,349215,7.8958,,S
103,No,First Class,"White, Mr. Richard Frasar",male,21,0,1,35281,77.2875,D26,S
104,No,Third Class,"Johansson, Mr. Gustaf Joel",male,33,0,0,7540,8.6542,,S
105,No,Third Class,"Gustafsson, Mr. Anders Vilhelm",male,37,2,0,3101276,7.925,,S
106,No,Third Class,"Mionoff, Mr. Stoytcho",male,28,0,0,349207,7.8958,,S
109,No,Third Class,"Rekic, Mr. Tido",male,38,0,0,349249,7.8958,,S
111,No,First Class,"Porter, Mr. Walter Chamberlain",male,47,0,0,110465,52,C110,S
112,No,Third Class,"Zabour, Miss. Hileni",female,14.5,1,0,2665,14.4542,,C
113,No,Third Class,"Barton, Mr. David John",male,22,0,0,324669,8.05,,S
114,No,Third Class,"Jussila, Miss. Katriina",female,20,1,0,4136,9.825,,S
115,No,Third Class,"Attalah, Miss. Malake",female,17,0,0,2627,14.4583,,C
116,No,Third Class,"Pekoniemi, Mr. Edvard",male,21,0,0,STON/O 2. 3101294,7.925,,S
117,No,Third Class,"Connors, Mr. Patrick",male,70.5,0,0,370369,7.75,,Q
118,No,Second Class,"Turpin, Mr. William John Robert",male,29,1,0,11668,21,,S
119,No,First Class,"Baxter, Mr. Quigg Edmond",male,24,0,1,PC 17558,247.5208,B58 B60,C
120,No,Third Class,"Andersson, Miss. Ellis Anna Maria",female,2,4,2,347082,31.275,,S
121,No,Second Class,"Hickman, Mr. Stanley George",male,21,2,0,S.O.C. 14879,73.5,,S
122,No,Third Class,"Moore, Mr. Leonard Charles",male,,0,0,A4. 54510,8.05,,S
123,No,Second Class,"Nasser, Mr. Nicholas",male,32.5,1,0,237736,30.0708,,C
125,No,First Class,"White, Mr. Percival Wayland",male,54,0,1,35281,77.2875,D26,S
127,No,Third Class,"McMahon, Mr. Martin",male,,0,0,370372,7.75,,Q
130,No,Third Class,"Ekstrom, Mr. Johan",male,45,0,0,347061,6.975,,S
131,No,Third Class,"Drazenoic, Mr. Jozef",male,33,0,0,349241,7.8958,,C
132,No,Third Class,"Coelho, Mr. Domingos Fernandeo",male,20,0,0,SOTON/O.Q. 3101307,7.05,,S
133,No,Third Class,"Robins, Mrs. Alexander A (Grace Charity Laury)",female,47,1,0,A/5. 3337,14.5,,S
135,No,Second Class,"Sobey, Mr. Samuel James Hayden",male,25,0,0,C.A. 29178,13,,S
136,No,Second Class,"Richard, Mr. Emile",male,23,0,0,SC/PARIS 2133,15.0458,,C
138,No,First Class,"Futrelle, Mr. Jacques Heath",male,37,1,0,113803,53.1,C123,S
139,No,Third Class,"Osen, Mr. Olaf Elon",male,16,0,0,7534,9.2167,,S
140,No,First Class,"Giglio, Mr. Victor",male,24,0,0,PC 17593,79.2,B86,C
141,No,Third Class,"Boulos, Mrs. Joseph (Sultana)",female,,0,2,2678,15.2458,,C
144,No,Third Class,"Burke, Mr. Jeremiah",male,19,0,0,365222,6.75,,Q
145,No,Second Class,"Andrew, Mr. Edgardo Samuel",male,18,0,0,231945,11.5,,S
146,No,Second Class,"Nicholls, Mr. Joseph Charles",male,19,1,1,C.A. 33112,36.75,,S
148,No,Third Class,"Ford, Miss. Robina Maggie ""Ruby""",female,9,2,2,W./C. 6608,34.375,,S
149,No,Second Class,"Navratil, Mr. Michel (""Louis M Hoffman"")",male,36.5,0,2,230080,26,F2,S
150,No,Second Class,"Byles, Rev. Thomas Roussel Davids",male,42,0,0,244310,13,,S
151,No,Second Class,"Bateman, Rev. Robert James",male,51,0,0,S.O.P. 1166,12.525,,S
153,No,Third Class,"Meo, Mr. Alfonzo",male,55.5,0,0,A.5. 11206,8.05,,S
154,No,Third Class,"van Billiard, Mr. Austin Blyler",male,40.5,0,2,A/5. 851,14.5,,S
155,No,Third Class,"Olsen, Mr. Ole Martin",male,,0,0,Fa 265302,7.3125,,S
156,No,First Class,"Williams, Mr. Charles Duane",male,51,0,1,PC 17597,61.3792,,C
158,No,Third Class,"Corn, Mr. Harry",male,30,0,0,SOTON/OQ 392090,8.05,,S
159,No,Third Class,"Smiljanic, Mr. Mile",male,,0,0,315037,8.6625,,S
160,No,Third Class,"Sage, Master. Thomas Henry",male,,8,2,CA. 2343,69.55,,S
161,No,Third Class,"Cribb, Mr. John Hatfield",male,44,0,1,371362,16.1,,S
163,No,Third Class,"Bengtsson, Mr. John Viktor",male,26,0,0,347068,7.775,,S
164,No,Third Class,"Calic, Mr. Jovo",male,17,0,0,315093,8.6625,,S
165,No,Third Class,"Panula, Master. Eino Viljami",male,1,4,1,3101295,39.6875,,S
168,No,Third Class,"Skoog, Mrs. William (Anna Bernhardina Karlsson)",female,45,1,4,347088,27.9,,S
169,No,First Class,"Baumann, Mr. John D",male,,0,0,PC 17318,25.925,,S
170,No,Third Class,"Ling, Mr. Lee",male,28,0,0,1601,56.4958,,S
171,No,First Class,"Van der hoef, Mr. Wyckoff",male,61,0,0,111240,33.5,B19,S
172,No,Third Class,"Rice, Master. Arthur",male,4,4,1,382652,29.125,,Q
174,No,Third Class,"Sivola, Mr. Antti Wilhelm",male,21,0,0,STON/O 2. 3101280,7.925,,S
175,No,First Class,"Smith, Mr. James Clinch",male,56,0,0,17764,30.6958,A7,C
176,No,Third Class,"Klasen, Mr. Klas Albin",male,18,1,1,350404,7.8542,,S
177,No,Third Class,"Lefebre, Master. Henry Forbes",male,,3,1,4133,25.4667,,S
178,No,First Class,"Isham, Miss. Ann Elizabeth",female,50,0,0,PC 17595,28.7125,C49,C
179,No,Second Class,"Hale, Mr. Reginald",male,30,0,0,250653,13,,S
180,No,Third Class,"Leonard, Mr. Lionel",male,36,0,0,LINE,0,,S
181,No,Third Class,"Sage, Miss. Constance Gladys",female,,8,2,CA. 2343,69.55,,S
182,No,Second Class,"Pernot, Mr. Rene",male,,0,0,SC/PARIS 2131,15.05,,C
183,No,Third Class,"Asplund, Master. Clarence Gustaf Hugo",male,9,4,2,347077,31.3875,,S
186,No,First Class,"Rood, Mr. Hugh Roscoe",male,,0,0,113767,50,A32,S
189,No,Third Class,"Bourke, Mr. John",male,40,1,1,364849,15.5,,Q
190,No,Third Class,"Turcin, Mr. Stjepan",male,36,0,0,349247,7.8958,,S
192,No,Second Class,"Carbines, Mr. William",male,19,0,0,28424,13,,S
197,No,Third Class,"Mernagh, Mr. Robert",male,,0,0,368703,7.75,,Q
198,No,Third Class,"Olsen, Mr. Karl Siegwart Andreas",male,42,0,1,4579,8.4042,,S
200,No,Second Class,"Yrois, Miss. Henriette (""Mrs Harbeck"")",female,24,0,0,248747,13,,S
201,No,Third Class,"Vande Walle, Mr. Nestor Cyriel",male,28,0,0,345770,9.5,,S
202,No,Third Class,"Sage, Mr. Frederick",male,,8,2,CA. 2343,69.55,,S
203,No,Third Class,"Johanson, Mr. Jakob Alfred",male,34,0,0,3101264,6.4958,,S
204,No,Third Class,"Youseff, Mr. Gerious",male,45.5,0,0,2628,7.225,,C
206,No,Third Class,"Strom, Miss. Telma Matilda",female,2,0,1,347054,10.4625,G6,S
207,No,Third Class,"Backstrom, Mr. Karl Alfred",male,32,1,0,3101278,15.85,,S
211,No,Third Class,"Ali, Mr. Ahmed",male,24,0,0,SOTON/O.Q. 3101311,7.05,,S
213,No,Third Class,"Perkin, Mr. John Henry",male,22,0,0,A/5 21174,7.25,,S
214,No,Second Class,"Givard, Mr. Hans Kristensen",male,30,0,0,250646,13,,S
215,No,Third Class,"Kiernan, Mr. Philip",male,,1,0,367229,7.75,,Q
218,No,Second Class,"Jacobsohn, Mr. Sidney Samuel",male,42,1,0,243847,27,,S
220,No,Second Class,"Harris, Mr. Walter",male,30,0,0,W/C 14208,10.5,,S
222,No,Second Class,"Bracken, Mr. James H",male,27,0,0,220367,13,,S
223,No,Third Class,"Green, Mr. George Henry",male,51,0,0,21440,8.05,,S
224,No,Third Class,"Nenkoff, Mr. Christo",male,,0,0,349234,7.8958,,S
226,No,Third Class,"Berglund, Mr. Karl Ivar Sven",male,22,0,0,PP 4348,9.35,,S
228,No,Third Class,"Lovell, Mr. John Hall (""Henry"")",male,20.5,0,0,A/5 21173,7.25,,S
229,No,Second Class,"Fahlstrom, Mr. Arne Jonas",male,18,0,0,236171,13,,S
230,No,Third Class,"Lefebre, Miss. Mathilde",female,,3,1,4133,25.4667,,S
232,No,Third Class,"Larsson, Mr. Bengt Edvin",male,29,0,0,347067,7.775,,S
233,No,Second Class,"Sjostedt, Mr. Ernst Adolf",male,59,0,0,237442,13.5,,S
235,No,Second Class,"Leyson, Mr. Robert William Norman",male,24,0,0,C.A. 29566,10.5,,S
236,No,Third Class,"Harknett, Miss. Alice Phoebe",female,,0,0,W./C. 6609,7.55,,S
237,No,Second Class,"Hold, Mr. Stephen",male,44,1,0,26707,26,,S
239,No,Second Class,"Pengelly, Mr. Frederick William",male,19,0,0,28665,10.5,,S
240,No,Second Class,"Hunt, Mr. George Henry",male,33,0,0,SCO/W 1585,12.275,,S
241,No,Third Class,"Zabour, Miss. Thamine",female,,1,0,2665,14.4542,,C
243,No,Second Class,"Coleridge, Mr. Reginald Charles",male,29,0,0,W./C. 14263,10.5,,S
244,No,Third Class,"Maenpaa, Mr. Matti Alexanteri",male,22,0,0,STON/O 2. 3101275,7.125,,S
245,No,Third Class,"Attalah, Mr. Sleiman",male,30,0,0,2694,7.225,,C
246,No,First Class,"Minahan, Dr. William Edward",male,44,2,0,19928,90,C78,Q
247,No,Third Class,"Lindahl, Miss. Agda Thorilda Viktoria",female,25,0,0,347071,7.775,,S
250,No,Second Class,"Carter, Rev. Ernest Courtenay",male,54,1,0,244252,26,,S
251,No,Third Class,"Reed, Mr. James George",male,,0,0,362316,7.25,,S
252,No,Third Class,"Strom, Mrs. Wilhelm (Elna Matilda Persson)",female,29,1,1,347054,10.4625,G6,S
253,No,First Class,"Stead, Mr. William Thomas",male,62,0,0,113514,26.55,C87,S
254,No,Third Class,"Lobb, Mr. William Arthur",male,30,1,0,A/5. 3336,16.1,,S
255,No,Third Class,"Rosblom, Mrs. Viktor (Helena Wilhelmina)",female,41,0,2,370129,20.2125,,S
261,No,Third Class,"Smith, Mr. Thomas",male,,0,0,384461,7.75,,Q
263,No,First Class,"Taussig, Mr. Emil",male,52,1,1,110413,79.65,E67,S
264,No,First Class,"Harrison, Mr. William",male,40,0,0,112059,0,B94,S
265,No,Third Class,"Henry, Miss. Delia",female,,0,0,382649,7.75,,Q
266,No,Second Class,"Reeves, Mr. David",male,36,0,0,C.A. 17248,10.5,,S
267,No,Third Class,"Panula, Mr. Ernesti Arvid",male,16,4,1,3101295,39.6875,,S
271,No,First Class,"Cairns, Mr. Alexander",male,,0,0,113798,31,,S
274,No,First Class,"Natsch, Mr. Charles H",male,37,0,1,PC 17596,29.7,C118,C
277,No,Third Class,"Lindblom, Miss. Augusta Charlotta",female,45,0,0,347073,7.75,,S
278,No,Second Class,"Parkes, Mr. Francis ""Frank""",male,,0,0,239853,0,,S
279,No,Third Class,"Rice, Master. Eric",male,7,4,1,382652,29.125,,Q
281,No,Third Class,"Duane, Mr. Frank",male,65,0,0,336439,7.75,,Q
282,No,Third Class,"Olsson, Mr. Nils Johan Goransson",male,28,0,0,347464,7.8542,,S
283,No,Third Class,"de Pelsmaeker, Mr. Alfons",male,16,0,0,345778,9.5,,S
285,No,First Class,"Smith, Mr. Richard William",male,,0,0,113056,26,A19,S
286,No,Third Class,"Stankovic, Mr. Ivan",male,33,0,0,349239,8.6625,,C
288,No,Third Class,"Naidenoff, Mr. Penko",male,22,0,0,349206,7.8958,,S
293,No,Second Class,"Levy, Mr. Rene Jacques",male,36,0,0,SC/Paris 2163,12.875,D,C
294,No,Third Class,"Haas, Miss. Aloisia",female,24,0,0,349236,8.85,,S
295,No,Third Class,"Mineff, Mr. Ivan",male,24,0,0,349233,7.8958,,S
296,No,First Class,"Lewy, Mr. Ervin G",male,,0,0,PC 17612,27.7208,,C
297,No,Third Class,"Hanna, Mr. Mansour",male,23.5,0,0,2693,7.2292,,C
298,No,First Class,"Allison, Miss. Helen Loraine",female,2,1,2,113781,151.55,C22 C26,S
303,No,Third Class,"Johnson, Mr. William Cahoone Jr",male,19,0,0,LINE,0,,S
305,No,Third Class,"Williams, Mr. Howard Hugh ""Harry""",male,,0,0,A/5 2466,8.05,,S
309,No,Second Class,"Abelson, Mr. Samuel",male,30,1,0,P/PP 3381,24,,C
313,No,Second Class,"Lahtinen, Mrs. William (Anna Sylfven)",female,26,1,1,250651,26,,S
314,No,Third Class,"Hendekovic, Mr. Ignjac",male,28,0,0,349243,7.8958,,S
315,No,Second Class,"Hart, Mr. Benjamin",male,43,1,1,F.C.C. 13529,26.25,,S
318,No,Second Class,"Moraweck, Dr. Ernest",male,54,0,0,29011,14,,S
321,No,Third Class,"Dennis, Mr. Samuel",male,22,0,0,A/5 21172,7.25,,S
322,No,Third Class,"Danoff, Mr. Yoto",male,27,0,0,349219,7.8958,,S
325,No,Third Class,"Sage, Mr. George John Jr",male,,8,2,CA. 2343,69.55,,S
327,No,Third Class,"Nysveen, Mr. Johan Hansen",male,61,0,0,345364,6.2375,,S
332,No,First Class,"Partner, Mr. Austen",male,45.5,0,0,113043,28.5,C124,S
333,No,First Class,"Graham, Mr. George Edward",male,38,0,1,PC 17582,153.4625,C91,S
334,No,Third Class,"Vander Planke, Mr. Leo Edmondus",male,16,2,0,345764,18,,S
336,No,Third Class,"Denkoff, Mr. Mitto",male,,0,0,349225,7.8958,,S
337,No,First Class,"Pears, Mr. Thomas Clinton",male,29,1,0,113776,66.6,C2,S
340,No,First Class,"Blackwell, Mr. Stephen Weart",male,45,0,0,113784,35.5,T,S
343,No,Second Class,"Collander, Mr. Erik Gustaf",male,28,0,0,248740,13,,S
344,No,Second Class,"Sedgwick, Mr. Charles Frederick Waddington",male,25,0,0,244361,13,,S
345,No,Second Class,"Fox, Mr. Stanley Hubert",male,36,0,0,229236,13,,S
350,No,Third Class,"Dimic, Mr. Jovan",male,42,0,0,315088,8.6625,,S
351,No,Third Class,"Odahl, Mr. Nils Martin",male,23,0,0,7267,9.225,,S
352,No,First Class,"Williams-Lambert, Mr. Fletcher Fellows",male,,0,0,113510,35,C128,S
353,No,Third Class,"Elias, Mr. Tannous",male,15,1,1,2695,7.2292,,C
354,No,Third Class,"Arnold-Franchi, Mr. Josef",male,25,1,0,349237,17.8,,S
355,No,Third Class,"Yousif, Mr. Wazli",male,,0,0,2647,7.225,,C
356,No,Third Class,"Vanden Steen, Mr. Leo Peter",male,28,0,0,345783,9.5,,S
358,No,Second Class,"Funk, Miss. Annie Clemmer",female,38,0,0,237671,13,,S
361,No,Third Class,"Skoog, Mr. Wilhelm",male,40,1,4,347088,27.9,,S
362,No,Second Class,"del Carlo, Mr. Sebastiano",male,29,1,0,SC/PARIS 2167,27.7208,,C
363,No,Third Class,"Barbara, Mrs. (Catherine David)",female,45,0,1,2691,14.4542,,C
364,No,Third Class,"Asim, Mr. Adola",male,35,0,0,SOTON/O.Q. 3101310,7.05,,S
365,No,Third Class,"O'Brien, Mr. Thomas",male,,1,0,370365,15.5,,Q
366,No,Third Class,"Adahl, Mr. Mauritz Nils Martin",male,30,0,0,C 7076,7.25,,S
372,No,Third Class,"Wiklund, Mr. Jakob Alfred",male,18,1,0,3101267,6.4958,,S
373,No,Third Class,"Beavan, Mr. William Thomas",male,19,0,0,323951,8.05,,S
374,No,First Class,"Ringhini, Mr. Sante",male,22,0,0,PC 17760,135.6333,,C
375,No,Third Class,"Palsson, Miss. Stina Viola",female,3,3,1,349909,21.075,,S
378,No,First Class,"Widener, Mr. Harry Elkins",male,27,0,2,113503,211.5,C82,C
379,No,Third Class,"Betros, Mr. Tannous",male,20,0,0,2648,4.0125,,C
380,No,Third Class,"Gustafsson, Mr. Karl Gideon",male,19,0,0,347069,7.775,,S
383,No,Third Class,"Tikkanen, Mr. Juho",male,32,0,0,STON/O 2. 3101293,7.925,,S
385,No,Third Class,"Plotcharsky, Mr. Vasil",male,,0,0,349227,7.8958,,S
386,No,Second Class,"Davies, Mr. Charles Henry",male,18,0,0,S.O.C. 14879,73.5,,S
387,No,Third Class,"Goodwin, Master. Sidney Leonard",male,1,5,2,CA 2144,46.9,,S
389,No,Third Class,"Sadlier, Mr. Matthew",male,,0,0,367655,7.7292,,Q
393,No,Third Class,"Gustafsson, Mr. Johan Birger",male,28,2,0,3101277,7.925,,S
396,No,Third Class,"Johansson, Mr. Erik",male,22,0,0,350052,7.7958,,S
397,No,Third Class,"Olsson, Miss. Elina",female,31,0,0,350407,7.8542,,S
398,No,Second Class,"McKane, Mr. Peter David",male,46,0,0,28403,26,,S
399,No,Second Class,"Pain, Dr. Alfred",male,23,0,0,244278,10.5,,S
402,No,Third Class,"Adams, Mr. John",male,26,0,0,341826,8.05,,S
403,No,Third Class,"Jussila, Miss. Mari Aina",female,21,1,0,4137,9.825,,S
404,No,Third Class,"Hakkarainen, Mr. Pekka Pietari",male,28,1,0,STON/O2. 3101279,15.85,,S
405,No,Third Class,"Oreskovic, Miss. Marija",female,20,0,0,315096,8.6625,,S
406,No,Second Class,"Gale, Mr. Shadrach",male,34,1,0,28664,21,,S
407,No,Third Class,"Widegren, Mr. Carl/Charles Peter",male,51,0,0,347064,7.75,,S
409,No,Third Class,"Birkeland, Mr. Hans Martin Monsen",male,21,0,0,312992,7.775,,S
410,No,Third Class,"Lefebre, Miss. Ida",female,,3,1,4133,25.4667,,S
411,No,Third Class,"Sdycoff, Mr. Todor",male,,0,0,349222,7.8958,,S
412,No,Third Class,"Hart, Mr. Henry",male,,0,0,394140,6.8583,,Q
414,No,Second Class,"Cunningham, Mr. Alfred Fleming",male,,0,0,239853,0,,S
416,No,Third Class,"Meek, Mrs. Thomas (Annie Louise Rowley)",female,,0,0,343095,8.05,,S
419,No,Second Class,"Matthews, Mr. William John",male,30,0,0,28228,13,,S
420,No,Third Class,"Van Impe, Miss. Catharina",female,10,0,2,345773,24.15,,S
421,No,Third Class,"Gheorgheff, Mr. Stanio",male,,0,0,349254,7.8958,,C
422,No,Third Class,"Charters, Mr. David",male,21,0,0,A/5. 13032,7.7333,,Q
423,No,Third Class,"Zimmerman, Mr. Leo",male,29,0,0,315082,7.875,,S
424,No,Third Class,"Danbom, Mrs. Ernst Gilbert (Anna Sigrid Maria Brogren)",female,28,1,1,347080,14.4,,S
425,No,Third Class,"Rosblom, Mr. Viktor Richard",male,18,1,1,370129,20.2125,,S
426,No,Third Class,"Wiseman, Mr. Phillippe",male,,0,0,A/4. 34244,7.25,,S
429,No,Third Class,"Flynn, Mr. James",male,,0,0,364851,7.75,,Q
434,No,Third Class,"Kallio, Mr. Nikolai Erland",male,17,0,0,STON/O 2. 3101274,7.125,,S
435,No,First Class,"Silvey, Mr. William Baird",male,50,1,0,13507,55.9,E44,S
437,No,Third Class,"Ford, Miss. Doolina Margaret ""Daisy""",female,21,2,2,W./C. 6608,34.375,,S
439,No,First Class,"Fortune, Mr. Mark",male,64,1,4,19950,263,C23 C25 C27,S
440,No,Second Class,"Kvillner, Mr. Johan Henrik Johannesson",male,31,0,0,C.A. 18723,10.5,,S
442,No,Third Class,"Hampe, Mr. Leon",male,20,0,0,345769,9.5,,S
443,No,Third Class,"Petterson, Mr. Johan Emil",male,25,1,0,347076,7.775,,S
451,No,Second Class,"West, Mr. Edwy Arthur",male,36,1,2,C.A. 34651,27.75,,S
452,No,Third Class,"Hagland, Mr. Ingvald Olai Olsen",male,,1,0,65303,19.9667,,S
453,No,First Class,"Foreman, Mr. Benjamin Laventall",male,30,0,0,113051,27.75,C111,C
455,No,Third Class,"Peduzzi, Mr. Joseph",male,,0,0,A/5 2817,8.05,,S
457,No,First Class,"Millet, Mr. Francis Davis",male,65,0,0,13509,26.55,E38,S
460,No,Third Class,"O'Connor, Mr. Maurice",male,,0,0,371060,7.75,,Q
462,No,Third Class,"Morley, Mr. William",male,34,0,0,364506,8.05,,S
463,No,First Class,"Gee, Mr. Arthur H",male,47,0,0,111320,38.5,E63,S
464,No,Second Class,"Milling, Mr. Jacob Christian",male,48,0,0,234360,13,,S
465,No,Third Class,"Maisner, Mr. Simon",male,,0,0,A/S 2816,8.05,,S
466,No,Third Class,"Goncalves, Mr. Manuel Estanslas",male,38,0,0,SOTON/O.Q. 3101306,7.05,,S
467,No,Second Class,"Campbell, Mr. William",male,,0,0,239853,0,,S
468,No,First Class,"Smart, Mr. John Montgomery",male,56,0,0,113792,26.55,,S
469,No,Third Class,"Scanlan, Mr. James",male,,0,0,36209,7.725,,Q
471,No,Third Class,"Keefe, Mr. Arthur",male,,0,0,323592,7.25,,S
472,No,Third Class,"Cacic, Mr. Luka",male,38,0,0,315089,8.6625,,S
475,No,Third Class,"Strandberg, Miss. Ida Sofia",female,22,0,0,7553,9.8375,,S
476,No,First Class,"Clifford, Mr. George Quincy",male,,0,0,110465,52,A14,S
477,No,Second Class,"Renouf, Mr. Peter Henry",male,34,1,0,31027,21,,S
478,No,Third Class,"Braund, Mr. Lewis Richard",male,29,1,0,3460,7.0458,,S
479,No,Third Class,"Karlsson, Mr. Nils August",male,22,0,0,350060,7.5208,,S
481,No,Third Class,"Goodwin, Master. Harold Victor",male,9,5,2,CA 2144,46.9,,S
482,No,Second Class,"Frost, Mr. Anthony Wood ""Archie""",male,,0,0,239854,0,,S
483,No,Third Class,"Rouse, Mr. Richard Henry",male,50,0,0,A/5 3594,8.05,,S
486,No,Third Class,"Lefebre, Miss. Jeannie",female,,3,1,4133,25.4667,,S
488,No,First Class,"Kent, Mr. Edward Austin",male,58,0,0,11771,29.7,B37,C
489,No,Third Class,"Somerton, Mr. Francis William",male,30,0,0,A.5. 18509,8.05,,S
491,No,Third Class,"Hagland, Mr. Konrad Mathias Reiersen",male,,1,0,65304,19.9667,,S
492,No,Third Class,"Windelov, Mr. Einar",male,21,0,0,SOTON/OQ 3101317,7.25,,S
493,No,First Class,"Molson, Mr. Harry Markland",male,55,0,0,113787,30.5,C30,S
494,No,First Class,"Artagaveytia, Mr. Ramon",male,71,0,0,PC 17609,49.5042,,C
495,No,Third Class,"Stanley, Mr. Edward Roland",male,21,0,0,A/4 45380,8.05,,S
496,No,Third Class,"Yousseff, Mr. Gerious",male,,0,0,2627,14.4583,,C
498,No,Third Class,"Shellard, Mr. Frederick William",male,,0,0,C.A. 6212,15.1,,S
499,No,First Class,"Allison, Mrs. Hudson J C (Bessie Waldo Daniels)",female,25,1,2,113781,151.55,C22 C26,S
500,No,Third Class,"Svensson, Mr. Olof",male,24,0,0,350035,7.7958,,S
501,No,Third Class,"Calic, Mr. Petar",male,17,0,0,315086,8.6625,,S
502,No,Third Class,"Canavan, Miss. Mary",female,21,0,0,364846,7.75,,Q
503,No,Third Class,"O'Sullivan, Miss. Bridget Mary",female,,0,0,330909,7.6292,,Q
504,No,Third Class,"Laitinen, Miss. Kristina Sofia",female,37,0,0,4135,9.5875,,S
506,No,First Class,"Penasco y Castellana, Mr. Victor de Satode",male,18,1,0,PC 17758,108.9,C65,C
509,No,Third Class,"Olsen, Mr. Henry Margido",male,28,0,0,C 4001,22.525,,S
512,No,Third Class,"Webber, Mr. James",male,,0,0,SOTON/OQ 3101316,8.05,,S
515,No,Third Class,"Coleff, Mr. Satio",male,24,0,0,349209,7.4958,,S
516,No,First Class,"Walker, Mr. William Anderson",male,47,0,0,36967,34.0208,D46,S
518,No,Third Class,"Ryan, Mr. Patrick",male,,0,0,371110,24.15,,Q
520,No,Third Class,"Pavlovic, Mr. Stefo",male,32,0,0,349242,7.8958,,S
522,No,Third Class,"Vovk, Mr. Janko",male,22,0,0,349252,7.8958,,S
523,No,Third Class,"Lahoud, Mr. Sarkis",male,,0,0,2624,7.225,,C
525,No,Third Class,"Kassem, Mr. Fared",male,,0,0,2700,7.2292,,C
526,No,Third Class,"Farrell, Mr. James",male,40.5,0,0,367232,7.75,,Q
528,No,First Class,"Farthing, Mr. John",male,,0,0,PC 17483,221.7792,C95,S
529,No,Third Class,"Salonen, Mr. Johan Werner",male,39,0,0,3101296,7.925,,S
530,No,Second Class,"Hocking, Mr. Richard George",male,23,2,1,29104,11.5,,S
532,No,Third Class,"Toufik, Mr. Nakli",male,,0,0,2641,7.2292,,C
533,No,Third Class,"Elias, Mr. Joseph Jr",male,17,1,1,2690,7.2292,,C
535,No,Third Class,"Cacic, Miss. Marija",female,30,0,0,315084,8.6625,,S
537,No,First Class,"Butt, Major. Archibald Willingham",male,45,0,0,113050,26.55,B38,S
539,No,Third Class,"Risien, Mr. Samuel Beard",male,,0,0,364498,14.5,,S
542,No,Third Class,"Andersson, Miss. Ingeborg Constanzia",female,9,4,2,347082,31.275,,S
543,No,Third Class,"Andersson, Miss. Sigrid Elisabeth",female,11,4,2,347082,31.275,,S
545,No,First Class,"Douglas, Mr. Walter Donald",male,50,1,0,PC 17761,106.425,C86,C
546,No,First Class,"Nicholson, Mr. Arthur Ernest",male,64,0,0,693,26,,S
549,No,Third Class,"Goldsmith, Mr. Frank John",male,33,1,1,363291,20.525,,S
552,No,Second Class,"Sharp, Mr. Percival James R",male,27,0,0,244358,26,,S
553,No,Third Class,"O'Brien, Mr. Timothy",male,,0,0,330979,7.8292,,Q
556,No,First Class,"Wright, Mr. George",male,62,0,0,113807,26.55,,S
558,No,First Class,"Robbins, Mr. Victor",male,,0,0,PC 17757,227.525,,C
561,No,Third Class,"Morrow, Mr. Thomas Rowan",male,,0,0,372622,7.75,,Q
562,No,Third Class,"Sivic, Mr. Husein",male,40,0,0,349251,7.8958,,S
563,No,Second Class,"Norman, Mr. Robert Douglas",male,28,0,0,218629,13.5,,S
564,No,Third Class,"Simmons, Mr. John",male,,0,0,SOTON/OQ 392082,8.05,,S
565,No,Third Class,"Meanwell, Miss. (Marion Ogden)",female,,0,0,SOTON/O.Q. 392087,8.05,,S
566,No,Third Class,"Davies, Mr. Alfred J",male,24,2,0,A/4 48871,24.15,,S
567,No,Third Class,"Stoytcheff, Mr. Ilia",male,19,0,0,349205,7.8958,,S
568,No,Third Class,"Palsson, Mrs. Nils (Alma Cornelia Berglund)",female,29,0,4,349909,21.075,,S
569,No,Third Class,"Doharr, Mr. Tannous",male,,0,0,2686,7.2292,,C
575,No,Third Class,"Rush, Mr. Alfred George John",male,16,0,0,A/4. 20589,8.05,,S
576,No,Third Class,"Patchett, Mr. George",male,19,0,0,358585,14.5,,S
579,No,Third Class,"Caram, Mrs. Joseph (Maria Elias)",female,,1,0,2689,14.4583,,C
583,No,Second Class,"Downton, Mr. William James",male,54,0,0,28403,26,,S
584,No,First Class,"Ross, Mr. John Hugo",male,36,0,0,13049,40.125,A10,C
585,No,Third Class,"Paulner, Mr. Uscher",male,,0,0,3411,8.7125,,C
587,No,Second Class,"Jarvis, Mr. John Denzil",male,47,0,0,237565,15,,S
589,No,Third Class,"Gilinski, Mr. Eliezer",male,22,0,0,14973,8.05,,S
590,No,Third Class,"Murdlin, Mr. Joseph",male,,0,0,A./5. 3235,8.05,,S
591,No,Third Class,"Rintamaki, Mr. Matti",male,35,0,0,STON/O 2. 3101273,7.125,,S
593,No,Third Class,"Elsbury, Mr. William James",male,47,0,0,A/5 3902,7.25,,S
594,No,Third Class,"Bourke, Miss. Mary",female,,0,2,364848,7.75,,Q
595,No,Second Class,"Chapman, Mr. John Henry",male,37,1,0,SC/AH 29037,26,,S
596,No,Third Class,"Van Impe, Mr. Jean Baptiste",male,36,1,1,345773,24.15,,S
598,No,Third Class,"Johnson, Mr. Alfred",male,49,0,0,LINE,0,,S
599,No,Third Class,"Boulos, Mr. Hanna",male,,0,0,2664,7.225,,C
602,No,Third Class,"Slabenoff, Mr. Petco",male,,0,0,349214,7.8958,,S
603,No,First Class,"Harrington, Mr. Charles H",male,,0,0,113796,42.4,,S
604,No,Third Class,"Torber, Mr. Ernst William",male,44,0,0,364511,8.05,,S
606,No,Third Class,"Lindell, Mr. Edvard Bengtsson",male,36,1,0,349910,15.55,,S
607,No,Third Class,"Karaic, Mr. Milan",male,30,0,0,349246,7.8958,,S
611,No,Third Class,"Andersson, Mrs. Anders Johan (Alfrida Konstantia Brogren)",female,39,1,5,347082,31.275,,S
612,No,Third Class,"Jardin, Mr. Jose Neto",male,,0,0,SOTON/O.Q. 3101305,7.05,,S
614,No,Third Class,"Horgan, Mr. John",male,,0,0,370377,7.75,,Q
615,No,Third Class,"Brocklebank, Mr. William Alfred",male,35,0,0,364512,8.05,,S
617,No,Third Class,"Danbom, Mr. Ernst Gilbert",male,34,1,1,347080,14.4,,S
618,No,Third Class,"Lobb, Mrs. William Arthur (Cordelia K Stanlick)",female,26,1,0,A/5. 3336,16.1,,S
620,No,Second Class,"Gavey, Mr. Lawrence",male,26,0,0,31028,10.5,,S
621,No,Third Class,"Yasbeck, Mr. Antoni",male,27,1,0,2659,14.4542,,C
624,No,Third Class,"Hansen, Mr. Henry Damsgaard",male,21,0,0,350029,7.8542,,S
625,No,Third Class,"Bowen, Mr. David John ""Dai""",male,21,0,0,54636,16.1,,S
626,No,First Class,"Sutton, Mr. Frederick",male,61,0,0,36963,32.3208,D50,S
627,No,Second Class,"Kirkland, Rev. Charles Leonard",male,57,0,0,219533,12.35,,Q
629,No,Third Class,"Bostandyeff, Mr. Guentcho",male,26,0,0,349224,7.8958,,S
630,No,Third Class,"O'Connell, Mr. Patrick D",male,,0,0,334912,7.7333,,Q
632,No,Third Class,"Lundahl, Mr. Johan Svensson",male,51,0,0,347743,7.0542,,S
634,No,First Class,"Parr, Mr. William Henry Marsh",male,,0,0,112052,0,,S
635,No,Third Class,"Skoog, Miss. Mabel",female,9,3,2,347088,27.9,,S
637,No,Third Class,"Leinonen, Mr. Antti Gustaf",male,32,0,0,STON/O 2. 3101292,7.925,,S
638,No,Second Class,"Collyer, Mr. Harvey",male,31,1,1,C.A. 31921,26.25,,S
639,No,Third Class,"Panula, Mrs. Juha (Maria Emilia Ojala)",female,41,0,5,3101295,39.6875,,S
640,No,Third Class,"Thorneycroft, Mr. Percival",male,,1,0,376564,16.1,,S
641,No,Third Class,"Jensen, Mr. Hans Peder",male,20,0,0,350050,7.8542,,S
643,No,Third Class,"Skoog, Miss. Margit Elizabeth",female,2,3,2,347088,27.9,,S
647,No,Third Class,"Cor, Mr. Liudevit",male,19,0,0,349231,7.8958,,S
649,No,Third Class,"Willey, Mr. Edward",male,,0,0,S.O./P.P. 751,7.55,,S
651,No,Third Class,"Mitkoff, Mr. Mito",male,,0,0,349221,7.8958,,S
653,No,Third Class,"Kalvik, Mr. Johannes Halvorsen",male,21,0,0,8475,8.4333,,S
655,No,Third Class,"Hegarty, Miss. Hanora ""Nora""",female,18,0,0,365226,6.75,,Q
656,No,Second Class,"Hickman, Mr. Leonard Mark",male,24,2,0,S.O.C. 14879,73.5,,S
657,No,Third Class,"Radeff, Mr. Alexander",male,,0,0,349223,7.8958,,S
658,No,Third Class,"Bourke, Mrs. John (Catherine)",female,32,1,1,364849,15.5,,Q
659,No,Second Class,"Eitemiller, Mr. George Floyd",male,23,0,0,29751,13,,S
660,No,First Class,"Newell, Mr. Arthur Webster",male,58,0,2,35273,113.275,D48,C
662,No,Third Class,"Badt, Mr. Mohamed",male,40,0,0,2623,7.225,,C
663,No,First Class,"Colley, Mr. Edward Pomeroy",male,47,0,0,5727,25.5875,E58,S
664,No,Third Class,"Coleff, Mr. Peju",male,36,0,0,349210,7.4958,,S
666,No,Second Class,"Hickman, Mr. Lewis",male,32,2,0,S.O.C. 14879,73.5,,S
667,No,Second Class,"Butler, Mr. Reginald Fenton",male,25,0,0,234686,13,,S
668,No,Third Class,"Rommetvedt, Mr. Knud Paust",male,,0,0,312993,7.775,,S
669,No,Third Class,"Cook, Mr. Jacob",male,43,0,0,A/5 3536,8.05,,S
672,No,First Class,"Davidson, Mr. Thornton",male,31,1,0,F.C. 12750,52,B71,S
673,No,Second Class,"Mitchell, Mr. Henry Michael",male,70,0,0,C.A. 24580,10.5,,S
675,No,Second Class,"Watson, Mr. Ennis Hastings",male,,0,0,239856,0,,S
676,No,Third Class,"Edvardsson, Mr. Gustaf Hjalmar",male,18,0,0,349912,7.775,,S
677,No,Third Class,"Sawyer, Mr. Frederick Charles",male,24.5,0,0,342826,8.05,,S
679,No,Third Class,"Goodwin, Mrs. Frederick (Augusta Tyler)",female,43,1,6,CA 2144,46.9,,S
681,No,Third Class,"Peters, Miss. Katie",female,,0,0,330935,8.1375,,Q
683,No,Third Class,"Olsvigen, Mr. Thor Anderson",male,20,0,0,6563,9.225,,S
684,No,Third Class,"Goodwin, Mr. Charles Edward",male,14,5,2,CA 2144,46.9,,S
685,No,Second Class,"Brown, Mr. Thomas William Solomon",male,60,1,1,29750,39,,S
686,No,Second Class,"Laroche, Mr. Joseph Philippe Lemercier",male,25,1,2,SC/Paris 2123,41.5792,,C
687,No,Third Class,"Panula, Mr. Jaako Arnold",male,14,4,1,3101295,39.6875,,S
688,No,Third Class,"Dakic, Mr. Branko",male,19,0,0,349228,10.1708,,S
689,No,Third Class,"Fischer, Mr. Eberhard Thelander",male,18,0,0,350036,7.7958,,S
694,No,Third Class,"Saad, Mr. Khalil",male,25,0,0,2672,7.225,,C
695,No,First Class,"Weir, Col. John",male,60,0,0,113800,26.55,,S
696,No,Second Class,"Chapman, Mr. Charles Henry",male,52,0,0,248731,13.5,,S
697,No,Third Class,"Kelly, Mr. James",male,44,0,0,363592,8.05,,S
699,No,First Class,"Thayer, Mr. John Borland",male,49,1,1,17421,110.8833,C68,C
700,No,Third Class,"Humblen, Mr. Adolf Mathias Nicolai Olsen",male,42,0,0,348121,7.65,F G63,S
703,No,Third Class,"Barbara, Miss. Saiide",female,18,0,1,2691,14.4542,,C
704,No,Third Class,"Gallagher, Mr. Martin",male,25,0,0,36864,7.7417,,Q
705,No,Third Class,"Hansen, Mr. Henrik Juul",male,26,1,0,350025,7.8542,,S
706,No,Second Class,"Morley, Mr. Henry Samuel (""Mr Henry Marshall"")",male,39,0,0,250655,26,,S
712,No,First Class,"Klaber, Mr. Herman",male,,0,0,113028,26.55,C124,S
714,No,Third Class,"Larsson, Mr. August Viktor",male,29,0,0,7545,9.4833,,S
715,No,Second Class,"Greenberg, Mr. Samuel",male,52,0,0,250647,13,,S
716,No,Third Class,"Soholt, Mr. Peter Andreas Lauritz Andersen",male,19,0,0,348124,7.65,F G73,S
719,No,Third Class,"McEvoy, Mr. Michael",male,,0,0,36568,15.5,,Q
720,No,Third Class,"Johnson, Mr. Malkolm Joackim",male,33,0,0,347062,7.775,,S
722,No,Third Class,"Jensen, Mr. Svend Lauritz",male,17,1,0,350048,7.0542,,S
723,No,Second Class,"Gillespie, Mr. William Henry",male,34,0,0,12233,13,,S
724,No,Second Class,"Hodges, Mr. Henry Price",male,50,0,0,250643,13,,S
726,No,Third Class,"Oreskovic, Mr. Luka",male,20,0,0,315094,8.6625,,S
729,No,Second Class,"Bryhl, Mr. Kurt Arnold Gottfrid",male,25,1,0,236853,26,,S
730,No,Third Class,"Ilmakangas, Miss. Pieta Sofia",female,25,1,0,STON/O2. 3101271,7.925,,S
732,No,Third Class,"Hassan, Mr. Houssein G N",male,11,0,0,2699,18.7875,,C
733,No,Second Class,"Knight, Mr. Robert J",male,,0,0,239855,0,,S
734,No,Second Class,"Berriman, Mr. William John",male,23,0,0,28425,13,,S
735,No,Second Class,"Troupiansky, Mr. Moses Aaron",male,23,0,0,233639,13,,S
736,No,Third Class,"Williams, Mr. Leslie",male,28.5,0,0,54636,16.1,,S
737,No,Third Class,"Ford, Mrs. Edward (Margaret Ann Watson)",female,48,1,3,W./C. 6608,34.375,,S
739,No,Third Class,"Ivanoff, Mr. Kanio",male,,0,0,349201,7.8958,,S
740,No,Third Class,"Nankoff, Mr. Minko",male,,0,0,349218,7.8958,,S
742,No,First Class,"Cavendish, Mr. Tyrell William",male,36,1,0,19877,78.85,C46,S
744,No,Third Class,"McNamee, Mr. Neal",male,24,1,0,376566,16.1,,S
746,No,First Class,"Crosby, Capt. Edward Gifford",male,70,1,1,WE/P 5735,71,B22,S
747,No,Third Class,"Abbott, Mr. Rossmore Edward",male,16,1,1,C.A. 2673,20.25,,S
749,No,First Class,"Marvin, Mr. Daniel Warner",male,19,1,0,113773,53.1,D30,S
750,No,Third Class,"Connaghton, Mr. Michael",male,31,0,0,335097,7.75,,Q
753,No,Third Class,"Vande Velde, Mr. Johannes Joseph",male,33,0,0,345780,9.5,,S
754,No,Third Class,"Jonkoff, Mr. Lalio",male,23,0,0,349204,7.8958,,S
757,No,Third Class,"Carlsson, Mr. August Sigfrid",male,28,0,0,350042,7.7958,,S
758,No,Second Class,"Bailey, Mr. Percy Andrew",male,18,0,0,29108,11.5,,S
759,No,Third Class,"Theobald, Mr. Thomas Leonard",male,34,0,0,363294,8.05,,S
761,No,Third Class,"Garfirth, Mr. John",male,,0,0,358585,14.5,,S
762,No,Third Class,"Nirva, Mr. Iisakki Antino Aijo",male,41,0,0,SOTON/O2 3101272,7.125,,S
765,No,Third Class,"Eklund, Mr. Hans Linus",male,16,0,0,347074,7.775,,S
767,No,First Class,"Brewe, Dr. Arthur Jackson",male,,0,0,112379,39.6,,C
768,No,Third Class,"Mangan, Miss. Mary",female,30.5,0,0,364850,7.75,,Q
769,No,Third Class,"Moran, Mr. Daniel J",male,,1,0,371110,24.15,,Q
770,No,Third Class,"Gronnestad, Mr. Daniel Danielsen",male,32,0,0,8471,8.3625,,S
771,No,Third Class,"Lievens, Mr. Rene Aime",male,24,0,0,345781,9.5,,S
772,No,Third Class,"Jensen, Mr. Niels Peder",male,48,0,0,350047,7.8542,,S
773,No,Second Class,"Mack, Mrs. (Mary)",female,57,0,0,S.O./P.P. 3,10.5,E77,S
774,No,Third Class,"Elias, Mr. Dibo",male,,0,0,2674,7.225,,C
776,No,Third Class,"Myhrman, Mr. Pehr Fabian Oliver Malkolm",male,18,0,0,347078,7.75,,S
777,No,Third Class,"Tobin, Mr. Roger",male,,0,0,383121,7.75,F38,Q
779,No,Third Class,"Kilgannon, Mr. Thomas J",male,,0,0,36865,7.7375,,Q
783,No,First Class,"Long, Mr. Milton Clyde",male,29,0,0,113501,30,D6,S
784,No,Third Class,"Johnston, Mr. Andrew G",male,,1,2,W./C. 6607,23.45,,S
785,No,Third Class,"Ali, Mr. William",male,25,0,0,SOTON/O.Q. 3101312,7.05,,S
786,No,Third Class,"Harmer, Mr. Abraham (David Lishin)",male,25,0,0,374887,7.25,,S
788,No,Third Class,"Rice, Master. George Hugh",male,8,4,1,382652,29.125,,Q
790,No,First Class,"Guggenheim, Mr. Benjamin",male,46,0,0,PC 17593,79.2,B82 B84,C
791,No,Third Class,"Keane, Mr. Andrew ""Andy""",male,,0,0,12460,7.75,,Q
792,No,Second Class,"Gaskell, Mr. Alfred",male,16,0,0,239865,26,,S
793,No,Third Class,"Sage, Miss. Stella Anna",female,,8,2,CA. 2343,69.55,,S
794,No,First Class,"Hoyt, Mr. William Fisher",male,,0,0,PC 17600,30.6958,,C
795,No,Third Class,"Dantcheff, Mr. Ristiu",male,25,0,0,349203,7.8958,,S
796,No,Second Class,"Otter, Mr. Richard",male,39,0,0,28213,13,,S
799,No,Third Class,"Ibrahim Shawah, Mr. Yousseff",male,30,0,0,2685,7.2292,,C
800,No,Third Class,"Van Impe, Mrs. Jean Baptiste (Rosalie Paula Govaert)",female,30,1,1,345773,24.15,,S
801,No,Second Class,"Ponesell, Mr. Martin",male,34,0,0,250647,13,,S
806,No,Third Class,"Johansson, Mr. Karl Johan",male,31,0,0,347063,7.775,,S
807,No,First Class,"Andrews, Mr. Thomas Jr",male,39,0,0,112050,0,A36,S
808,No,Third Class,"Pettersson, Miss. Ellen Natalia",female,18,0,0,347087,7.775,,S
809,No,Second Class,"Meyer, Mr. August",male,39,0,0,248723,13,,S
811,No,Third Class,"Alexander, Mr. William",male,26,0,0,3474,7.8875,,S
812,No,Third Class,"Lester, Mr. James",male,39,0,0,A/4 48871,24.15,,S
813,No,Second Class,"Slemen, Mr. Richard James",male,35,0,0,28206,10.5,,S
814,No,Third Class,"Andersson, Miss. Ebba Iris Alfrida",female,6,4,2,347082,31.275,,S
815,No,Third Class,"Tomlin, Mr. Ernest Portage",male,30.5,0,0,364499,8.05,,S
816,No,First Class,"Fry, Mr. Richard",male,,0,0,112058,0,B102,S
817,No,Third Class,"Heininen, Miss. Wendla Maria",female,23,0,0,STON/O2. 3101290,7.925,,S
818,No,Second Class,"Mallet, Mr. Albert",male,31,1,1,S.C./PARIS 2079,37.0042,,C
819,No,Third Class,"Holm, Mr. John Fredrik Alexander",male,43,0,0,C 7075,6.45,,S
820,No,Third Class,"Skoog, Master. Karl Thorsten",male,10,3,2,347088,27.9,,S
823,No,First Class,"Reuchlin, Jonkheer. John George",male,38,0,0,19972,0,,S
825,No,Third Class,"Panula, Master. Urho Abraham",male,2,4,1,3101295,39.6875,,S
826,No,Third Class,"Flynn, Mr. John",male,,0,0,368323,6.95,,Q
827,No,Third Class,"Lam, Mr. Len",male,,0,0,1601,56.4958,,S
833,No,Third Class,"Saad, Mr. Amin",male,,0,0,2671,7.2292,,C
834,No,Third Class,"Augustsson, Mr. Albert",male,23,0,0,347468,7.8542,,S
835,No,Third Class,"Allum, Mr. Owen George",male,18,0,0,2223,8.3,,S
837,No,Third Class,"Pasic, Mr. Jakob",male,21,0,0,315097,8.6625,,S
838,No,Third Class,"Sirota, Mr. Maurice",male,,0,0,392092,8.05,,S
841,No,Third Class,"Alhomaki, Mr. Ilmari Rudolf",male,20,0,0,SOTON/O2 3101287,7.925,,S
842,No,Second Class,"Mudd, Mr. Thomas Charles",male,16,0,0,S.O./P.P. 3,10.5,,S
844,No,Third Class,"Lemberopolous, Mr. Peter L",male,34.5,0,0,2683,6.4375,,C
845,No,Third Class,"Culumovic, Mr. Jeso",male,17,0,0,315090,8.6625,,S
846,No,Third Class,"Abbing, Mr. Anthony",male,42,0,0,C.A. 5547,7.55,,S
847,No,Third Class,"Sage, Mr. Douglas Bullen",male,,8,2,CA. 2343,69.55,,S
848,No,Third Class,"Markoff, Mr. Marin",male,35,0,0,349213,7.8958,,C
849,No,Second Class,"Harper, Rev. John",male,28,0,1,248727,33,,S
851,No,Third Class,"Andersson, Master. Sigvard Harald Elias",male,4,4,2,347082,31.275,,S
852,No,Third Class,"Svensson, Mr. Johan",male,74,0,0,347060,7.775,,S
853,No,Third Class,"Boulos, Miss. Nourelain",female,9,1,1,2678,15.2458,,C
855,No,Second Class,"Carter, Mrs. Ernest Courtenay (Lilian Hughes)",female,44,1,0,244252,26,,S
860,No,Third Class,"Razi, Mr. Raihed",male,,0,0,2629,7.2292,,C
861,No,Third Class,"Hansen, Mr. Claus Peter",male,41,2,0,350026,14.1083,,S
862,No,Second Class,"Giles, Mr. Frederick Edward",male,21,1,0,28134,11.5,,S
864,No,Third Class,"Sage, Miss. Dorothy Edith ""Dolly""",female,,8,2,CA. 2343,69.55,,S
865,No,Second Class,"Gill, Mr. John William",male,24,0,0,233866,13,,S
868,No,First Class,"Roebling, Mr. Washington Augustus II",male,31,0,0,PC 17590,50.4958,A24,S
869,No,Third Class,"van Melkebeke, Mr. Philemon",male,,0,0,345777,9.5,,S
871,No,Third Class,"Balkic, Mr. Cerin",male,26,0,0,349248,7.8958,,S
873,No,First Class,"Carlsson, Mr. Frans Olof",male,33,0,0,695,5,B51 B53 B55,S
874,No,Third Class,"Vander Cruyssen, Mr. Victor",male,47,0,0,345765,9,,S
877,No,Third Class,"Gustafsson, Mr. Alfred Ossian",male,20,0,0,7534,9.8458,,S
878,No,Third Class,"Petroff, Mr. Nedelio",male,19,0,0,349212,7.8958,,S
879,No,Third Class,"Laleff, Mr. Kristo",male,,0,0,349217,7.8958,,S
882,No,Third Class,"Markun, Mr. Johann",male,33,0,0,349257,7.8958,,S
883,No,Third Class,"Dahlberg, Miss. Gerda Ulrika",female,22,0,0,7552,10.5167,,S
884,No,Second Class,"Banfield, Mr. Frederick James",male,28,0,0,C.A./SOTON 34068,10.5,,S
885,No,Third Class,"Sutehall, Mr. Henry Jr",male,25,0,0,SOTON/OQ 392076,7.05,,S
886,No,Third Class,"Rice, Mrs. William (Margaret Norton)",female,39,0,5,382652,29.125,,Q
887,No,Second Class,"Montvila, Rev. Juozas",male,27,0,0,211536,13,,S
889,No,Third Class,"Johnston, Miss. Catherine Helen ""Carrie""",female,,1,2,W./C. 6607,23.45,,S
891,No,Third Class,"Dooley, Mr. Patrick",male,32,0,0,370376,7.75,,Q
